forks_count,has_issues,has_pages,has_projects,has_wiki,open_issues_count,size,stargazers_count,created_atday,pushed_atday,reponameLength,full_nameLength,loginLength,LenOfDescription,languageNumber,licenseNumber
25830.0,1.0,1.0,0.0,0.0,245.0,196729.0,324269.0,20141224,20210520,12,25,12,79,1,1
21311.0,0.0,0.0,0.0,0.0,16810.0,183401.0,257039.0,20190326,20210520,7,14,6,88,16,0
42172.0,1.0,1.0,0.0,1.0,30.0,10799.0,188268.0,20131011,20210519,22,38,15,42,0,0
29071.0,1.0,0.0,1.0,1.0,532.0,27441.0,183517.0,20130729,20210517,3,9,5,99,1,1
46711.0,1.0,0.0,0.0,0.0,45.0,13138.0,170114.0,20160606,20210520,27,35,7,69,0,1
33959.0,1.0,1.0,1.0,1.0,715.0,165521.0,168642.0,20130524,20210520,5,14,8,87,1,1
20732.0,1.0,1.0,0.0,0.0,52.0,1323.0,161354.0,20140711,20210520,7,20,12,53,8,1
23200.0,1.0,0.0,1.0,1.0,61.0,72526.0,160264.0,20170315,20210514,17,31,13,43,0,0
84731.0,1.0,0.0,1.0,0.0,3939.0,701102.0,155920.0,20151107,20210520,10,21,10,54,7,1
73371.0,1.0,1.0,1.0,0.0,372.0,182743.0,150177.0,20110729,20210520,9,14,4,113,1,1
27542.0,1.0,0.0,1.0,1.0,121.0,10645.0,138746.0,20131116,20210510,16,23,6,47,0,0
23994.0,1.0,0.0,1.0,1.0,200.0,11152.0,132041.0,20170226,20210520,20,32,11,105,2,0
41705.0,1.0,1.0,1.0,1.0,90.0,115108.0,128920.0,20180213,20210520,8,16,7,46,3,1
22086.0,1.0,0.0,1.0,1.0,740.0,7847.0,127960.0,20090828,20210518,7,15,7,352,8,1
15216.0,1.0,0.0,0.0,0.0,51.0,3361.0,124710.0,20160320,20210520,11,23,11,30,2,1
17213.0,1.0,0.0,1.0,1.0,9150.0,152754.0,120703.0,20150306,20210520,7,15,7,77,10,1
65194.0,0.0,0.0,1.0,0.0,282.0,2163.0,118191.0,20101108,20210518,9,16,6,43,0,1
18935.0,1.0,0.0,1.0,1.0,5334.0,371126.0,116110.0,20150903,20210520,6,16,9,18,11,1
37217.0,0.0,0.0,1.0,0.0,324.0,3271499.0,112147.0,20110904,20210520,5,14,8,24,0,0
21038.0,1.0,1.0,0.0,1.0,117.0,3345.0,109056.0,20121101,20210518,10,17,6,22,1,1
29898.0,1.0,0.0,1.0,1.0,52.0,11642.0,107714.0,20160716,20210520,6,20,13,36,2,1
17822.0,1.0,0.0,0.0,0.0,225.0,3380.0,107613.0,20180324,20210518,21,30,8,106,1,1
9492.0,1.0,0.0,0.0,0.0,172.0,880.0,107133.0,20180509,20210512,16,31,14,41,0,1
35826.0,1.0,0.0,1.0,1.0,54.0,54019.0,104021.0,20180507,20210519,9,20,10,64,3,1
41297.0,1.0,0.0,1.0,1.0,563.0,303724.0,103544.0,20180301,20210512,15,25,9,19,2,1
19106.0,1.0,1.0,0.0,0.0,153.0,6578.0,98582.0,20140627,20210519,14,20,5,78,2,0
22637.0,1.0,0.0,0.0,1.0,8.0,42030.0,96881.0,20100927,20210513,2,5,2,89,1,1
20823.0,1.0,1.0,1.0,1.0,1782.0,737675.0,95435.0,20150109,20210520,12,21,8,48,1,0
4969.0,1.0,1.0,1.0,0.0,4110.0,63616.0,94885.0,20101031,20210520,10,19,8,78,2,1
12345.0,1.0,0.0,1.0,0.0,1198.0,94641.0,91830.0,20130412,20210520,8,17,8,75,7,1
17528.0,1.0,0.0,1.0,1.0,37.0,109914.0,90052.0,20200219,20210513,17,28,10,97,0,1
9894.0,1.0,0.0,1.0,0.0,196.0,2590.0,89261.0,20150520,20210518,23,29,5,36,0,1
21897.0,1.0,1.0,1.0,0.0,1137.0,17083.0,87966.0,20160717,20210520,16,25,8,47,1,1
12536.0,1.0,0.0,1.0,1.0,7147.0,262807.0,85746.0,20140819,20210520,2,9,6,27,9,0
8190.0,1.0,0.0,1.0,0.0,218.0,3209.0,84528.0,20140818,20210518,5,11,5,53,1,1
11916.0,1.0,0.0,1.0,1.0,15.0,1070.0,84395.0,20140504,20210511,16,21,4,72,0,1
23390.0,0.0,0.0,0.0,0.0,22.0,1028.0,79825.0,20131104,20210517,28,38,9,26,0,1
20254.0,1.0,0.0,1.0,0.0,1324.0,693638.0,79174.0,20141126,20210520,4,11,6,63,1,0
28085.0,1.0,0.0,1.0,0.0,2968.0,979719.0,77383.0,20140606,20210520,10,21,10,52,9,1
8246.0,1.0,0.0,1.0,1.0,2.0,27849.0,76141.0,20171129,20210520,18,29,10,61,1,1
3954.0,1.0,0.0,0.0,0.0,610.0,36328.0,75603.0,20180515,20210520,4,13,8,42,16,1
6656.0,1.0,0.0,1.0,0.0,1275.0,93562.0,74027.0,20170811,20210520,8,18,9,86,7,1
19224.0,1.0,0.0,1.0,0.0,2508.0,293264.0,73300.0,20140918,20210520,7,15,7,35,11,1
28052.0,1.0,1.0,1.0,1.0,639.0,601547.0,71374.0,20150424,20210520,10,21,10,44,11,1
9345.0,1.0,0.0,1.0,1.0,5263.0,1426553.0,71003.0,20140617,20210520,10,20,9,80,11,1
27704.0,1.0,1.0,0.0,1.0,417.0,970538.0,70900.0,20100323,20210520,8,15,6,22,1,1
7420.0,1.0,0.0,0.0,0.0,1611.0,10060.0,70734.0,20170509,20210520,9,19,9,27,11,1
15557.0,1.0,1.0,1.0,0.0,22.0,1386.0,70116.0,20111012,20210520,11,23,11,77,0,1
44208.0,1.0,0.0,1.0,1.0,1182.0,586748.0,69964.0,20160205,20210520,6,17,10,41,2,1
21985.0,1.0,0.0,1.0,0.0,495.0,212872.0,68353.0,20140818,20210520,11,19,7,188,1,1
24335.0,1.0,1.0,1.0,1.0,971.0,15416.0,67776.0,20170417,20210518,17,28,10,136,0,1
12588.0,1.0,0.0,0.0,0.0,994.0,66038.0,67719.0,20161005,20210520,7,14,6,19,1,1
21033.0,1.0,0.0,0.0,1.0,255.0,26898.0,66795.0,20140809,20210520,20,29,8,35,3,0
6528.0,1.0,0.0,1.0,0.0,51.0,59832.0,66093.0,20170915,20210518,17,30,12,62,1,1
11404.0,1.0,1.0,1.0,1.0,5653.0,98399.0,65578.0,20120217,20210316,12,24,11,37,1,0
20874.0,0.0,0.0,0.0,0.0,30.0,10201.0,65257.0,20110608,20210518,7,15,7,33,6,1
12344.0,1.0,0.0,1.0,1.0,10.0,509802.0,64553.0,20181206,20200930,17,28,10,91,3,1
8443.0,1.0,1.0,0.0,0.0,18.0,9113.0,64389.0,20140706,20210520,10,18,7,63,9,1
2930.0,1.0,0.0,1.0,1.0,266.0,2900.0,62096.0,20150408,20210511,7,12,4,61,2,1
6142.0,1.0,0.0,1.0,0.0,1177.0,412025.0,61912.0,20160318,20210520,9,21,11,113,11,1
8421.0,1.0,0.0,1.0,0.0,36.0,14799.0,60462.0,20151020,20210520,11,17,5,52,0,1
17400.0,1.0,0.0,1.0,1.0,4152.0,163331.0,60257.0,20130118,20210520,4,9,4,102,9,1
28489.0,1.0,0.0,1.0,1.0,471.0,102141.0,59607.0,20100106,20210512,10,18,7,39,1,1
4500.0,1.0,0.0,1.0,1.0,97.0,14630.0,58862.0,20150601,20210518,18,37,18,101,1,0
7756.0,1.0,0.0,1.0,1.0,291.0,53268.0,58252.0,20120310,20210520,7,15,7,281,1,1
5180.0,1.0,0.0,1.0,1.0,37.0,2842.0,58041.0,20160226,20210504,9,21,11,125,8,1
24576.0,0.0,0.0,0.0,0.0,172.0,207364.0,57522.0,20120428,20210520,6,13,6,52,2,0
15533.0,1.0,1.0,1.0,1.0,653.0,15835.0,56305.0,20110607,20210520,9,17,7,31,1,1
2475.0,1.0,0.0,1.0,1.0,265.0,87387.0,56054.0,20141111,20210511,8,15,6,47,0,1
8995.0,0.0,0.0,0.0,0.0,360.0,673935.0,56017.0,20151023,20210520,5,11,5,30,7,1
14665.0,1.0,1.0,0.0,0.0,47.0,23111.0,55965.0,20150529,20210518,5,13,7,47,11,0
14330.0,1.0,0.0,0.0,0.0,27.0,8548.0,55399.0,20100406,20210520,5,13,7,57,2,1
7863.0,1.0,0.0,1.0,0.0,7310.0,640651.0,55206.0,20100616,20210520,4,14,9,61,16,0
33658.0,1.0,1.0,1.0,1.0,487.0,135889.0,55180.0,20121019,20210520,11,27,15,11,3,1
16106.0,1.0,0.0,1.0,0.0,755.0,329843.0,55117.0,20120120,20210520,4,9,4,31,1,1
19888.0,1.0,0.0,1.0,0.0,3291.0,824219.0,54982.0,20100208,20210520,13,21,7,49,3,0
2997.0,1.0,0.0,1.0,1.0,1581.0,282104.0,54895.0,20190501,20210520,9,19,9,49,0,1
19965.0,1.0,0.0,1.0,1.0,74.0,30838.0,54859.0,20090403,20210518,6,13,6,25,1,1
45296.0,1.0,0.0,0.0,1.0,2035.0,494737.0,54433.0,20120719,20210520,6,13,6,35,7,0
5180.0,1.0,0.0,1.0,0.0,589.0,2730.0,54195.0,20131127,20210519,11,20,8,77,1,1
4869.0,1.0,0.0,1.0,1.0,683.0,54161.0,54163.0,20130617,20210520,7,15,7,71,0,1
7646.0,1.0,1.0,0.0,1.0,5.0,8743.0,54138.0,20160705,20210517,23,32,8,55,1,1
15014.0,1.0,1.0,0.0,0.0,2.0,28183.0,54138.0,20181006,20210509,13,19,5,130,3,1
29210.0,1.0,0.0,1.0,0.0,964.0,167534.0,53890.0,20101219,20210520,7,15,7,37,7,1
10930.0,1.0,0.0,1.0,0.0,97.0,30309.0,53661.0,20130317,20210520,8,16,7,42,1,1
9689.0,1.0,1.0,1.0,0.0,201.0,15096.0,53454.0,20100311,20210517,9,18,8,47,1,1
8941.0,1.0,0.0,0.0,1.0,174.0,8876.0,53124.0,20090626,20210520,7,17,9,55,1,1
16409.0,1.0,0.0,1.0,1.0,57.0,2464.0,52921.0,20180406,20210309,17,31,13,9,0,1
5055.0,1.0,1.0,0.0,0.0,10.0,2758.0,52781.0,20171016,20210415,19,32,12,79,0,1
16020.0,1.0,0.0,1.0,1.0,23.0,13482.0,52220.0,20130114,20210510,19,31,11,24,0,1
6453.0,1.0,0.0,1.0,1.0,59.0,543.0,52113.0,20161125,20210511,21,35,13,52,1,1
5804.0,1.0,0.0,1.0,0.0,637.0,96754.0,51933.0,20130704,20210520,4,13,8,52,9,1
9794.0,1.0,1.0,1.0,1.0,291.0,16046.0,51677.0,20120513,20210508,13,20,6,117,1,1
10955.0,1.0,0.0,1.0,1.0,91.0,24091.0,51380.0,20170214,20210310,10,17,6,43,3,1
18726.0,1.0,0.0,1.0,1.0,3287.0,18904.0,51197.0,20150328,20210520,5,16,10,24,2,0
3311.0,1.0,0.0,1.0,0.0,144.0,5907.0,50811.0,20120225,20210519,6,13,6,182,2,1
6644.0,1.0,0.0,1.0,1.0,107.0,2904.0,50804.0,20140403,20210425,9,21,11,89,0,0
11563.0,1.0,0.0,0.0,1.0,10.0,18785.0,50375.0,20100124,20210517,17,22,4,93,1,1
9580.0,1.0,0.0,1.0,0.0,481.0,897578.0,50283.0,20150521,20210520,6,15,8,55,1,1
12432.0,1.0,1.0,0.0,0.0,5.0,2662.0,50141.0,20140715,20210423,24,37,12,78,2,0
12670.0,1.0,1.0,1.0,1.0,1919.0,78709.0,50041.0,20160903,20210517,7,15,7,31,0,1
7814.0,1.0,0.0,1.0,1.0,109.0,371.0,50010.0,20170412,20210514,22,30,7,39,0,1
5724.0,1.0,0.0,0.0,1.0,223.0,47581.0,49429.0,20120407,20210517,6,13,6,81,1,0
21226.0,1.0,0.0,1.0,1.0,26.0,57506.0,49423.0,20180404,20210519,4,15,10,183,3,1
5122.0,1.0,0.0,1.0,1.0,1043.0,112276.0,49252.0,20130408,20210418,11,24,12,90,1,1
9756.0,1.0,1.0,0.0,1.0,9.0,2788.0,49097.0,20120209,20210517,39,44,4,128,0,1
19303.0,1.0,0.0,1.0,0.0,2285.0,95387.0,48963.0,20090321,20210520,5,11,5,206,0,1
4961.0,1.0,0.0,0.0,0.0,321.0,3093.0,48862.0,20100415,20210520,3,10,6,93,8,1
5066.0,1.0,0.0,1.0,1.0,730.0,2430.0,48809.0,20171121,20210516,6,17,10,39,0,1
1246.0,1.0,1.0,1.0,1.0,46.0,411.0,48759.0,20110206,20210201,17,24,6,47,1,1
19384.0,1.0,0.0,1.0,0.0,605.0,234786.0,48418.0,20080411,20210520,5,11,5,13,5,1
12970.0,1.0,0.0,1.0,1.0,8961.0,493411.0,48316.0,20160813,20210520,7,15,7,74,7,0
20634.0,1.0,0.0,1.0,0.0,1729.0,200332.0,48216.0,20120306,20210520,7,15,7,338,2,1
5475.0,1.0,0.0,0.0,0.0,400.0,2585.0,48169.0,20140616,20210520,3,13,9,194,9,1
12773.0,1.0,1.0,1.0,1.0,1238.0,84331.0,47982.0,20140826,20210520,8,24,15,51,7,0
4190.0,1.0,0.0,1.0,1.0,3871.0,5.0,47233.0,20180206,20210512,6,22,15,86,0,1
5048.0,0.0,1.0,0.0,0.0,14.0,4371.0,47230.0,20150318,20210520,12,22,9,95,14,1
2210.0,1.0,0.0,1.0,1.0,772.0,66553.0,47098.0,20161120,20210520,6,15,8,32,11,1
17395.0,1.0,0.0,1.0,1.0,2135.0,196458.0,46469.0,20130403,20210520,7,14,6,93,11,1
10986.0,1.0,0.0,1.0,1.0,405.0,57647.0,46182.0,20181029,20210520,12,24,11,91,2,1
4021.0,1.0,0.0,0.0,1.0,13.0,229114.0,46052.0,20131215,20210417,14,29,14,63,8,1
21447.0,1.0,0.0,1.0,1.0,2361.0,123763.0,45833.0,20100817,20210520,12,25,12,40,2,1
6914.0,1.0,0.0,1.0,0.0,138.0,19995.0,45650.0,20110301,20210512,6,13,6,61,1,1
8511.0,1.0,0.0,1.0,1.0,104.0,24780.0,45416.0,20151221,20210517,3,12,8,96,9,1
8284.0,1.0,1.0,0.0,1.0,324.0,12547.0,45269.0,20110213,20210518,8,12,3,35,2,1
7424.0,1.0,1.0,1.0,1.0,13.0,128293.0,44645.0,20130108,20210514,6,16,9,148,3,1
13915.0,1.0,1.0,1.0,1.0,95.0,207042.0,44515.0,20180627,20210322,26,35,8,201,1,1
7890.0,1.0,0.0,0.0,0.0,107.0,889.0,44490.0,20141120,20210510,23,35,11,41,0,1
4396.0,1.0,0.0,1.0,1.0,27.0,183.0,44359.0,20170824,20210419,28,35,6,84,0,1
7068.0,0.0,0.0,0.0,0.0,30.0,164.0,44245.0,20160330,20210510,15,32,16,86,0,1
13388.0,1.0,0.0,1.0,0.0,700.0,112053.0,44199.0,20130820,20210520,15,26,10,135,11,0
3224.0,1.0,0.0,1.0,1.0,1507.0,113424.0,43794.0,20140131,20210520,6,13,6,47,0,0
9815.0,1.0,1.0,0.0,0.0,54.0,379.0,43757.0,20110504,20210420,13,21,7,34,0,1
5249.0,1.0,0.0,0.0,0.0,92.0,2550.0,43598.0,20140806,20210516,13,19,5,56,0,1
3713.0,1.0,1.0,1.0,1.0,374.0,96340.0,43516.0,20160123,20210513,5,12,6,37,0,1
8450.0,1.0,0.0,0.0,0.0,62.0,15489.0,43235.0,20140516,20210519,12,26,13,29,1,1
3441.0,1.0,0.0,1.0,0.0,264.0,45463.0,43016.0,20190227,20210520,11,15,3,22,11,1
14048.0,1.0,0.0,1.0,0.0,1595.0,241495.0,42906.0,20130917,20210520,4,19,14,89,2,1
8682.0,1.0,1.0,1.0,1.0,317.0,192140.0,42877.0,20141008,20210514,21,28,6,31,0,1
29880.0,1.0,1.0,1.0,1.0,1243.0,167695.0,42841.0,20101208,20210520,16,32,15,16,3,1
9376.0,1.0,1.0,1.0,1.0,153.0,30834.0,42716.0,20081020,20210520,6,13,6,75,5,1
5165.0,1.0,0.0,1.0,1.0,133.0,84592.0,42425.0,20120119,20210520,6,13,6,35,1,0
7889.0,1.0,1.0,1.0,1.0,6.0,132579.0,42033.0,20180330,20210518,8,21,12,92,1,0
4724.0,1.0,1.0,1.0,1.0,99.0,4027.0,41985.0,20160717,20210518,11,22,10,112,1,1
1908.0,1.0,0.0,0.0,0.0,75.0,40559.0,41837.0,20171006,20210520,11,24,12,55,1,1
6192.0,1.0,0.0,1.0,0.0,28.0,3510.0,41762.0,20160504,20210428,11,24,12,32,2,1
8395.0,1.0,0.0,1.0,1.0,2610.0,404392.0,41628.0,20131211,20210520,7,15,7,201,11,1
6478.0,1.0,0.0,0.0,0.0,66.0,102.0,41466.0,20151121,20201031,14,21,6,21,1,1
9193.0,1.0,1.0,1.0,1.0,706.0,324186.0,41190.0,20140529,20210518,5,12,6,30,3,1
5003.0,1.0,0.0,0.0,0.0,12.0,1651.0,41165.0,20140711,20210520,14,27,12,47,0,1
5703.0,1.0,0.0,1.0,1.0,176.0,640.0,40744.0,20190225,20210515,9,21,11,82,0,1
5933.0,1.0,0.0,0.0,1.0,2.0,688.0,40722.0,20151128,20210518,27,37,9,106,0,1
15002.0,1.0,0.0,1.0,1.0,210.0,10244.0,40656.0,20151111,20210308,19,33,13,67,0,0
9188.0,1.0,0.0,1.0,1.0,802.0,21362.0,40643.0,20100222,20210519,6,13,6,71,2,0
1885.0,1.0,0.0,1.0,1.0,75.0,330.0,40605.0,20150808,20210418,27,37,9,130,2,1
9903.0,1.0,0.0,1.0,1.0,1.0,871756.0,40538.0,20141224,20210416,18,27,8,49,0,1
8336.0,0.0,1.0,1.0,1.0,362.0,3527.0,40412.0,20120820,20210520,7,15,7,56,2,0
4283.0,1.0,0.0,0.0,0.0,3.0,1775.0,40107.0,20180623,20210518,28,38,9,104,0,1
8507.0,1.0,1.0,0.0,0.0,113.0,40364.0,40029.0,20120723,20210513,6,13,6,66,3,1
11214.0,1.0,0.0,1.0,1.0,605.0,103912.0,40017.0,20170303,20210320,16,25,8,75,2,1
7293.0,1.0,0.0,1.0,1.0,308.0,50714.0,39988.0,20140812,20210519,9,23,13,50,7,1
4973.0,1.0,0.0,1.0,1.0,2.0,752.0,39973.0,20180904,20210516,14,26,11,53,1,1
2682.0,1.0,0.0,1.0,0.0,1923.0,119317.0,39782.0,20160119,20210509,4,12,7,93,1,0
4737.0,1.0,0.0,0.0,0.0,884.0,91421.0,39761.0,20150421,20210520,10,21,10,161,1,1
2800.0,1.0,0.0,1.0,1.0,827.0,71761.0,39701.0,20161129,20210520,8,17,8,42,1,1
3163.0,1.0,1.0,1.0,1.0,156.0,48022.0,39309.0,20160313,20210520,5,19,13,27,1,1
4917.0,1.0,1.0,1.0,1.0,294.0,1651.0,39264.0,20170305,20210517,39,46,6,44,0,1
4852.0,1.0,0.0,1.0,0.0,747.0,67710.0,39090.0,20140928,20210520,5,11,5,61,1,1
7204.0,1.0,0.0,1.0,0.0,6265.0,578217.0,38790.0,20140104,20210520,5,17,11,51,7,0
10674.0,1.0,0.0,1.0,1.0,182.0,12253.0,38758.0,20160205,20210425,20,28,7,108,0,1
16340.0,1.0,0.0,1.0,0.0,48.0,115338.0,38623.0,20131225,20210520,8,19,10,61,1,1
7339.0,1.0,1.0,1.0,1.0,804.0,257072.0,38590.0,20150721,20210520,8,15,6,69,2,1
4887.0,1.0,1.0,1.0,1.0,802.0,163052.0,38483.0,20140912,20210503,11,19,7,53,1,1
3062.0,1.0,0.0,1.0,1.0,272.0,115865.0,38287.0,20131126,20210520,9,19,9,43,9,1
1933.0,1.0,0.0,1.0,1.0,657.0,25536.0,38168.0,20170807,20210520,6,21,14,59,1,1
3934.0,1.0,0.0,1.0,1.0,827.0,127411.0,38112.0,20120104,20210514,5,10,4,124,1,1
6845.0,1.0,1.0,0.0,1.0,149.0,5508.0,38088.0,20100906,20210517,8,15,6,47,3,1
21500.0,0.0,0.0,0.0,0.0,66.0,162956.0,38036.0,20080723,20210520,3,7,3,179,0,0
18879.0,0.0,0.0,0.0,0.0,1435.0,378992.0,38034.0,20170210,20210520,7,14,6,31,2,0
5320.0,1.0,0.0,1.0,1.0,64.0,841.0,37984.0,20170722,20210515,11,21,9,24,0,1
10054.0,1.0,0.0,1.0,1.0,106.0,38246.0,37718.0,20120802,20210515,33,41,7,51,9,1
12536.0,1.0,0.0,1.0,1.0,734.0,2494.0,37533.0,20160716,20210520,4,18,13,34,3,1
6272.0,1.0,0.0,0.0,0.0,10.0,14921.0,37497.0,20140710,20210507,11,18,6,82,12,1
8128.0,1.0,0.0,0.0,0.0,94.0,54905.0,37488.0,20130504,20210520,5,14,8,57,1,1
8180.0,1.0,0.0,0.0,0.0,24.0,55154.0,37226.0,20150904,20210520,10,16,5,63,9,1
3585.0,1.0,0.0,1.0,1.0,96.0,188836.0,37132.0,20170204,20210520,4,11,6,163,11,1
4306.0,1.0,0.0,0.0,1.0,758.0,190804.0,37056.0,20140212,20210520,4,9,4,42,9,1
7282.0,1.0,1.0,1.0,0.0,51.0,1332.0,37055.0,20141115,20210419,15,27,11,73,0,1
5947.0,1.0,0.0,1.0,1.0,455.0,129864.0,36767.0,20121124,20210520,10,21,10,58,9,1
1585.0,1.0,0.0,0.0,1.0,226.0,4198.0,36763.0,20131023,20210519,3,12,8,44,9,1
1601.0,1.0,0.0,1.0,1.0,483.0,56731.0,36755.0,20150411,20210511,6,13,6,44,7,1
1387.0,1.0,0.0,1.0,1.0,151.0,30959.0,36646.0,20160930,20200904,15,33,17,81,0,0
4431.0,1.0,0.0,1.0,0.0,502.0,306772.0,36595.0,20150930,20210520,6,13,6,68,1,0
4526.0,0.0,0.0,0.0,0.0,147.0,1079324.0,36483.0,20120213,20210520,6,16,9,84,0,1
6861.0,1.0,1.0,1.0,1.0,58.0,4321.0,36272.0,20111228,20210328,10,18,7,145,1,1
2945.0,1.0,0.0,1.0,1.0,366.0,42943.0,36219.0,20161026,20210520,7,12,4,27,1,0
11782.0,1.0,0.0,1.0,1.0,90.0,34675.0,36146.0,20161223,20210511,8,20,11,36,0,1
2540.0,1.0,1.0,1.0,1.0,384.0,85361.0,35995.0,20141101,20210520,7,18,10,77,1,1
7652.0,1.0,0.0,0.0,0.0,182.0,64121.0,35922.0,20130706,20210520,4,12,7,87,9,1
2969.0,1.0,0.0,1.0,0.0,702.0,19482.0,35881.0,20160701,20210518,5,12,6,36,11,1
6692.0,1.0,1.0,1.0,0.0,34.0,23232.0,35724.0,20140731,20210513,9,19,9,32,12,1
2667.0,1.0,0.0,1.0,1.0,13.0,929.0,35676.0,20140722,20210517,16,26,9,20,0,1
5191.0,0.0,1.0,0.0,0.0,31.0,2330.0,35654.0,20170507,20210505,15,22,6,93,10,1
23550.0,1.0,0.0,1.0,1.0,842.0,31798.0,35264.0,20120619,20210520,5,12,6,74,3,1
9946.0,1.0,0.0,1.0,0.0,72.0,1790.0,35246.0,20130704,20210421,8,14,5,96,0,1
10808.0,1.0,1.0,1.0,0.0,9.0,200050.0,35190.0,20171219,20210520,8,18,9,26,2,1
5092.0,1.0,1.0,1.0,1.0,1425.0,253142.0,35189.0,20131210,20210520,4,13,8,30,11,1
7450.0,0.0,0.0,0.0,0.0,2.0,788.0,35057.0,20160922,20210519,20,30,9,17,0,1
1665.0,1.0,1.0,1.0,1.0,240.0,4925.0,35036.0,20180410,20210512,5,12,6,90,1,1
8097.0,1.0,1.0,1.0,1.0,493.0,114962.0,34917.0,20110426,20210520,6,14,7,24,1,1
7588.0,1.0,0.0,1.0,1.0,571.0,144238.0,34899.0,20090527,20180404,17,24,6,39,0,1
2290.0,1.0,0.0,0.0,0.0,436.0,12459.0,34825.0,20130521,20210513,3,11,7,65,1,0
24714.0,1.0,0.0,1.0,1.0,3888.0,683624.0,33776.0,20121005,20210520,15,31,15,60,11,0
5612.0,1.0,0.0,1.0,1.0,23.0,22177.0,33769.0,20160515,20210512,20,41,20,75,1,1
3709.0,1.0,1.0,1.0,1.0,606.0,56308.0,33748.0,20150913,20210520,7,15,7,34,9,1
4435.0,1.0,0.0,1.0,0.0,4044.0,202614.0,33735.0,20110421,20210520,5,15,9,30,0,0
4007.0,1.0,1.0,1.0,1.0,346.0,55429.0,33708.0,20150322,20210518,5,10,4,44,2,1
2055.0,1.0,0.0,0.0,0.0,255.0,9357.0,33626.0,20160816,20210518,17,35,17,109,11,1
7667.0,1.0,1.0,1.0,1.0,2793.0,92926.0,33520.0,20111207,20210514,8,14,5,76,1,1
2692.0,1.0,0.0,0.0,1.0,75.0,14466.0,33411.0,20150113,20210519,5,17,11,52,9,1
8383.0,1.0,0.0,1.0,1.0,1952.0,21625.0,33336.0,20140425,20210410,14,22,7,162,3,0
7251.0,0.0,0.0,0.0,0.0,44.0,364325.0,33334.0,20130112,20210520,9,19,9,56,5,0
4815.0,1.0,0.0,1.0,1.0,104.0,4270.0,33156.0,20190905,20210513,25,37,11,61,3,1
10242.0,1.0,0.0,0.0,1.0,57.0,6133.0,33143.0,20110531,20210410,12,25,12,68,4,1
4417.0,1.0,0.0,1.0,1.0,45.0,3193.0,33133.0,20190612,20210516,20,32,11,83,0,1
19603.0,0.0,0.0,1.0,1.0,447.0,891.0,33008.0,20120420,20210228,11,23,11,3,2,1
2592.0,1.0,0.0,1.0,1.0,118.0,13113.0,32833.0,20131208,20210520,4,15,10,48,0,0
4302.0,1.0,0.0,1.0,1.0,101.0,73433.0,32812.0,20130121,20210520,6,13,6,110,11,1
4135.0,1.0,0.0,1.0,1.0,95.0,7186.0,32760.0,20120923,20210517,4,11,6,61,1,1
1701.0,1.0,0.0,0.0,1.0,312.0,11316.0,32674.0,20160218,20210520,9,19,9,43,16,1
20412.0,1.0,1.0,0.0,1.0,31.0,2087.0,32571.0,20130913,20210520,5,15,9,43,0,1
3700.0,0.0,1.0,0.0,0.0,1.0,1493.0,32220.0,20171227,20210515,19,33,13,70,0,1
4899.0,1.0,0.0,1.0,0.0,164.0,77723.0,32218.0,20141202,20210520,8,17,8,78,5,1
1704.0,1.0,0.0,0.0,1.0,12.0,22310.0,32201.0,20170128,20210517,7,18,10,112,1,1
4396.0,1.0,0.0,1.0,0.0,25.0,1101.0,32200.0,20130704,20210506,4,11,6,45,1,1
1783.0,1.0,1.0,0.0,0.0,58.0,65610.0,32180.0,20181114,20210520,4,13,8,70,1,1
7328.0,1.0,0.0,1.0,1.0,197.0,14841.0,32170.0,20130920,20210504,11,23,11,73,1,1
8115.0,0.0,1.0,1.0,1.0,55.0,10955.0,32115.0,20180705,20210122,19,29,9,21,0,1
2734.0,1.0,1.0,1.0,1.0,253.0,19587.0,32062.0,20100515,20210520,8,14,5,74,1,0
6644.0,1.0,1.0,1.0,1.0,61.0,191416.0,32025.0,20160902,20210426,14,29,14,175,1,1
7207.0,1.0,0.0,1.0,0.0,34.0,13576.0,31832.0,20131113,20210509,17,23,5,42,1,1
5220.0,1.0,0.0,0.0,1.0,378.0,56968.0,31775.0,20150114,20210318,20,27,6,41,14,1
4814.0,1.0,0.0,1.0,0.0,12.0,824.0,31680.0,20140412,20210331,18,28,9,42,0,1
18845.0,1.0,1.0,1.0,1.0,1162.0,76170.0,31641.0,20130912,20210420,5,10,4,47,7,0
16209.0,1.0,0.0,1.0,1.0,33.0,810639.0,31577.0,20120219,20210517,8,23,14,264,6,1
2993.0,1.0,0.0,1.0,1.0,545.0,8040.0,31554.0,20130310,20210514,6,13,6,80,5,1
5354.0,1.0,1.0,0.0,1.0,386.0,2035.0,31453.0,20140717,20210516,11,19,7,119,0,1
11433.0,1.0,0.0,1.0,1.0,18.0,53042.0,31421.0,20121216,20210517,19,31,11,32,0,0
2955.0,1.0,0.0,1.0,1.0,821.0,37175.0,31365.0,20180712,20210520,7,16,8,35,1,1
6823.0,1.0,1.0,1.0,1.0,309.0,124385.0,31350.0,20100514,20210520,8,16,7,49,1,0
8559.0,1.0,0.0,1.0,1.0,24.0,704.0,31328.0,20190610,20210303,28,35,6,47,2,1
2172.0,1.0,0.0,1.0,1.0,850.0,10032.0,31226.0,20181208,20210520,7,16,8,86,2,1
1789.0,1.0,1.0,0.0,0.0,1394.0,348383.0,31225.0,20150304,20210520,7,18,10,68,1,1
2014.0,1.0,0.0,1.0,1.0,209.0,6181.0,31219.0,20140608,20210520,7,15,7,40,8,0
3010.0,1.0,0.0,1.0,1.0,47.0,2140.0,31199.0,20130720,20210520,3,9,5,62,1,1
5677.0,1.0,1.0,1.0,1.0,243.0,90988.0,31189.0,20130708,20210519,5,14,8,76,3,0
4774.0,1.0,0.0,0.0,0.0,19.0,536.0,31140.0,20151024,20210510,21,29,7,46,0,1
8796.0,1.0,1.0,1.0,1.0,58.0,8908.0,31138.0,20161207,20191203,24,32,7,38,0,1
4995.0,1.0,0.0,0.0,0.0,34.0,134986.0,31136.0,20161006,20210520,14,21,6,82,3,1
8216.0,1.0,1.0,0.0,1.0,79.0,4275.0,31036.0,20101201,20210510,18,26,7,342,6,1
1824.0,1.0,1.0,1.0,1.0,199.0,21824.0,31035.0,20140702,20210426,12,25,12,94,1,1
4648.0,1.0,0.0,1.0,0.0,115.0,1048.0,31016.0,20130622,20210302,22,31,8,69,0,1
9099.0,1.0,0.0,1.0,1.0,17.0,137770.0,30964.0,20180821,20201222,6,21,14,5835,2,1
3671.0,1.0,0.0,1.0,1.0,12.0,132.0,30903.0,20170216,20210506,26,40,13,50,0,1
5622.0,1.0,0.0,1.0,1.0,1357.0,69425.0,30872.0,20160912,20210520,7,17,9,38,11,1
4126.0,1.0,1.0,1.0,1.0,181.0,27316.0,30773.0,20150819,20210520,17,24,6,109,2,0
4845.0,1.0,1.0,1.0,0.0,675.0,51052.0,30706.0,20100922,20210514,7,15,7,65,1,0
6670.0,0.0,0.0,0.0,0.0,275.0,435008.0,30683.0,20110616,20210520,7,11,3,19,0,0
7832.0,1.0,0.0,1.0,1.0,7698.0,53342.0,30671.0,20150115,20210120,6,13,6,27,2,1
3883.0,1.0,1.0,1.0,1.0,6.0,2966.0,30591.0,20150918,20210518,12,22,9,75,1,1
12127.0,1.0,0.0,1.0,1.0,27.0,2068.0,30591.0,20140105,20201017,20,27,6,85,0,1
11118.0,1.0,1.0,0.0,1.0,291.0,159347.0,30442.0,20131226,20210520,11,20,8,51,9,1
7843.0,1.0,1.0,1.0,1.0,866.0,319126.0,30376.0,20141208,20210520,4,9,4,58,7,1
2401.0,1.0,1.0,1.0,1.0,286.0,8200.0,30327.0,20161025,20210520,10,21,10,99,2,0
6715.0,1.0,0.0,1.0,0.0,2691.0,213538.0,30283.0,20150519,20210520,11,22,10,63,1,0
9428.0,1.0,0.0,1.0,1.0,262.0,58570.0,29952.0,20170517,20210414,5,20,14,12,2,1
2467.0,1.0,1.0,0.0,0.0,1077.0,13510.0,29877.0,20120730,20210520,5,13,7,75,1,1
2178.0,1.0,0.0,1.0,1.0,134.0,246.0,29842.0,20131107,20210426,17,22,4,126,0,1
6540.0,1.0,0.0,1.0,1.0,82.0,3706.0,29841.0,20161014,20210201,36,46,9,89,2,1
23878.0,0.0,0.0,1.0,0.0,226.0,371059.0,29782.0,20140225,20210520,5,12,6,73,13,1
12418.0,1.0,1.0,1.0,1.0,3728.0,225546.0,29765.0,20100824,20210520,6,17,10,174,2,1
10059.0,1.0,1.0,1.0,0.0,32.0,159975.0,29758.0,20170225,20210509,10,19,8,75,2,0
3658.0,1.0,1.0,1.0,1.0,31.0,8319.0,29667.0,20150326,20210511,20,27,6,68,1,1
6455.0,1.0,0.0,0.0,0.0,145.0,328321.0,29618.0,20130412,20210518,6,18,11,147,1,1
6256.0,1.0,0.0,1.0,1.0,254.0,280.0,29589.0,20160323,20200927,7,17,9,82,0,1
13007.0,1.0,1.0,1.0,1.0,165.0,48297.0,29583.0,20160810,20210415,25,33,7,60,0,0
4945.0,1.0,0.0,0.0,1.0,618.0,72523.0,29554.0,20140721,20210520,5,13,7,81,7,1
3058.0,1.0,0.0,1.0,0.0,134.0,7523.0,29486.0,20160713,20210517,6,18,11,41,8,1
7823.0,1.0,1.0,0.0,1.0,253.0,32903.0,29433.0,20160610,20210205,15,27,11,31,12,1
9732.0,1.0,1.0,0.0,0.0,74.0,47036.0,29314.0,20160730,20210510,15,22,6,71,3,1
1337.0,1.0,0.0,0.0,0.0,68.0,1831.0,29287.0,20180625,20210325,6,18,11,101,9,1
2384.0,1.0,0.0,1.0,1.0,144.0,38745.0,29192.0,20120320,20210407,3,6,2,29,0,0
6746.0,1.0,1.0,1.0,1.0,98.0,8334.0,29149.0,20170825,20210518,14,25,10,35,11,1
1978.0,1.0,0.0,1.0,1.0,30.0,31447.0,29112.0,20190821,20210520,10,21,10,61,0,1
1600.0,1.0,1.0,1.0,1.0,207.0,10059.0,29112.0,20150911,20210520,6,15,8,81,1,1
3816.0,1.0,0.0,0.0,0.0,407.0,18888.0,29047.0,20141117,20210519,4,9,4,31,0,0
4271.0,1.0,1.0,1.0,1.0,18.0,8992.0,29035.0,20180113,20210510,28,37,8,77,1,1
5727.0,1.0,0.0,1.0,1.0,336.0,119385.0,29031.0,20111013,20210510,16,27,10,151,14,1
5342.0,1.0,1.0,0.0,0.0,2.0,3325.0,29030.0,20160424,20210519,12,20,7,42,0,1
4674.0,1.0,0.0,0.0,1.0,89.0,76992.0,28884.0,20151104,20210520,10,15,4,39,0,1
3635.0,1.0,1.0,1.0,1.0,754.0,783628.0,28853.0,20180408,20210520,4,11,6,105,11,1
7494.0,1.0,0.0,1.0,1.0,2627.0,8283.0,28833.0,20130603,20210520,9,18,8,85,0,0
6174.0,1.0,0.0,1.0,1.0,11.0,1962.0,28683.0,20140709,20210503,12,20,7,95,0,0
1930.0,1.0,1.0,1.0,1.0,16.0,401.0,28465.0,20160420,20210519,4,15,10,67,0,1
2860.0,1.0,0.0,1.0,0.0,38.0,199.0,28431.0,20140303,20210114,11,21,9,33,0,1
5849.0,1.0,0.0,1.0,1.0,10.0,3728.0,28355.0,20120606,20210125,15,20,4,48,2,1
5783.0,1.0,1.0,1.0,1.0,26.0,164709.0,28335.0,20101227,20200714,9,15,5,27,7,1
6603.0,1.0,0.0,1.0,1.0,1.0,4599.0,28314.0,20200506,20210520,31,44,12,123,0,1
1829.0,1.0,0.0,1.0,0.0,635.0,10617.0,28260.0,20151204,20210506,5,11,5,72,1,1
3137.0,1.0,0.0,0.0,0.0,318.0,198466.0,28098.0,20100830,20210520,6,16,9,81,2,0
2115.0,1.0,1.0,1.0,1.0,208.0,6549612.0,28077.0,20141205,20210515,10,20,9,181,0,1
4878.0,1.0,0.0,0.0,1.0,492.0,45885.0,28019.0,20131001,20210520,10,21,10,82,0,1
6236.0,1.0,1.0,0.0,0.0,52.0,50114.0,28006.0,20160306,20210520,4,13,8,50,5,1
7959.0,1.0,0.0,1.0,1.0,795.0,317.0,27984.0,20181025,20210519,4,20,15,47,2,1
3076.0,1.0,0.0,1.0,0.0,584.0,46367.0,27980.0,20141112,20210520,7,15,7,182,2,0
4371.0,1.0,0.0,1.0,1.0,1845.0,218787.0,27857.0,20150906,20210520,4,12,7,84,9,1
5547.0,1.0,0.0,1.0,1.0,678.0,25896.0,27852.0,20151226,20210518,7,13,5,42,1,1
5630.0,1.0,1.0,1.0,1.0,96.0,26682.0,27773.0,20100930,20200519,8,18,9,74,1,1
9011.0,1.0,1.0,0.0,1.0,10.0,240549.0,27760.0,20111012,20210518,5,11,5,67,3,1
10645.0,1.0,1.0,0.0,0.0,292.0,2370.0,27703.0,20150520,20210511,10,17,6,55,14,1
3377.0,1.0,0.0,1.0,0.0,12.0,285.0,27646.0,20140708,20210412,19,28,8,37,5,1
11994.0,1.0,0.0,0.0,0.0,0.0,70241.0,27533.0,20090520,20200719,15,24,8,51,0,1
2995.0,1.0,0.0,0.0,0.0,46.0,96307.0,27500.0,20150114,20210520,5,11,5,50,9,1
1498.0,1.0,0.0,0.0,0.0,25.0,18634.0,27499.0,20170616,20210509,6,17,10,67,1,1
5791.0,1.0,0.0,0.0,0.0,75.0,9241.0,27420.0,20150218,20210519,17,35,17,132,1,1
6456.0,1.0,0.0,1.0,1.0,158.0,1103.0,27392.0,20130619,20201019,14,23,8,51,0,1
9477.0,1.0,0.0,1.0,0.0,165.0,61551.0,27341.0,20120314,20210519,6,19,12,69,1,1
13867.0,1.0,1.0,0.0,1.0,171.0,73004.0,27318.0,20110603,20210516,7,15,7,94,1,0
2388.0,1.0,0.0,1.0,1.0,655.0,164713.0,27305.0,20140316,20210520,6,13,6,136,9,1
4386.0,1.0,0.0,0.0,1.0,0.0,17847.0,27273.0,20150126,20210518,20,30,9,51,12,1
2204.0,1.0,0.0,1.0,0.0,605.0,8628.0,27268.0,20170614,20210520,6,14,7,42,11,1
2409.0,1.0,1.0,1.0,1.0,11.0,5832.0,27111.0,20100601,20201230,5,12,6,40,1,1
697.0,1.0,0.0,0.0,0.0,81.0,23815.0,27104.0,20180421,20210520,3,11,7,26,16,0
1697.0,1.0,1.0,0.0,0.0,158.0,5092.0,27083.0,20150705,20210520,10,21,10,39,11,1
2431.0,1.0,0.0,0.0,0.0,39.0,232.0,27029.0,20180613,20210105,15,26,10,63,8,1
5376.0,1.0,0.0,0.0,1.0,861.0,194033.0,27005.0,20161118,20210520,5,11,5,47,9,1
2017.0,1.0,0.0,0.0,1.0,1117.0,252005.0,26984.0,20161219,20210518,4,9,4,34,12,1
2223.0,1.0,0.0,1.0,1.0,1.0,917.0,26890.0,20160624,20210520,24,33,8,45,0,1
1809.0,1.0,1.0,1.0,1.0,147.0,329.0,26886.0,20160625,20201223,24,37,12,42,8,1
5634.0,1.0,0.0,1.0,0.0,1287.0,3655.0,26810.0,20140324,20210514,5,16,10,34,1,1
8084.0,1.0,0.0,1.0,1.0,106.0,659.0,26758.0,20160707,20210507,23,39,15,71,0,0
13077.0,1.0,0.0,1.0,1.0,472.0,69176.0,26745.0,20101109,20210520,5,11,5,74,3,1
6617.0,1.0,0.0,0.0,0.0,1368.0,186938.0,26730.0,20140313,20210520,9,19,9,264,9,1
17031.0,1.0,0.0,1.0,1.0,1699.0,1335398.0,26636.0,20200204,20210520,8,23,14,56,0,1
2217.0,1.0,0.0,1.0,1.0,54.0,1166.0,26628.0,20170828,20210511,9,22,12,23,2,1
5813.0,1.0,0.0,1.0,1.0,55.0,60237.0,26620.0,20131104,20210401,8,17,8,17,1,0
3501.0,1.0,0.0,1.0,1.0,1115.0,129805.0,26497.0,20190301,20210520,6,29,22,56,3,1
8557.0,1.0,0.0,1.0,0.0,187.0,836.0,26407.0,20110905,20210503,8,22,13,72,8,1
5206.0,1.0,0.0,1.0,1.0,28.0,10195.0,26382.0,20120229,20210520,5,11,5,88,9,0
5931.0,1.0,1.0,1.0,1.0,296.0,835036.0,26352.0,20180604,20210520,11,18,6,59,2,1
5042.0,1.0,0.0,1.0,1.0,0.0,363929.0,26320.0,20200529,20210407,15,22,6,109,3,1
6252.0,1.0,0.0,1.0,1.0,610.0,56033.0,26297.0,20120929,20201205,5,11,5,6,2,1
1620.0,1.0,0.0,1.0,1.0,337.0,9498.0,26292.0,20200421,20210520,4,11,6,44,11,1
8843.0,1.0,1.0,1.0,0.0,67.0,17703.0,26243.0,20150716,20210520,4,10,5,43,1,1
994.0,1.0,0.0,1.0,0.0,89.0,4478.0,26186.0,20180513,20210507,4,14,9,49,9,1
3768.0,1.0,1.0,0.0,0.0,63.0,94784.0,26160.0,20150429,20210519,10,17,6,44,0,1
4198.0,1.0,0.0,1.0,0.0,3051.0,78546.0,26119.0,20160113,20210520,10,21,10,28,0,1
7088.0,1.0,1.0,1.0,1.0,40.0,1182.0,26078.0,20171217,20210308,8,21,12,52,3,1
3208.0,1.0,0.0,1.0,1.0,359.0,31252.0,26067.0,20181218,20210520,6,15,8,33,1,1
3200.0,1.0,0.0,0.0,1.0,166.0,16674.0,26009.0,20130318,20210520,4,11,6,22,3,1
5585.0,1.0,1.0,1.0,1.0,49.0,7142.0,25960.0,20091025,20210516,10,20,9,27,1,1
41700.0,1.0,0.0,1.0,1.0,55.0,322528.0,25957.0,20130429,20210520,9,16,6,48,3,1
1256.0,1.0,0.0,1.0,1.0,168.0,113.0,25942.0,20190327,20210414,7,21,13,50,0,1
1719.0,1.0,1.0,1.0,1.0,32.0,4963.0,25931.0,20171103,20210510,23,37,13,86,12,1
5666.0,1.0,1.0,1.0,1.0,180.0,23740.0,25927.0,20180829,20210520,6,14,7,58,3,1
1242.0,1.0,0.0,0.0,0.0,388.0,15703.0,25922.0,20141006,20210520,8,17,8,43,1,0
7106.0,0.0,0.0,0.0,0.0,39.0,12362.0,25855.0,20130324,20210520,19,27,7,34,9,1
778.0,1.0,0.0,1.0,1.0,4.0,39508.0,25827.0,20191110,20210519,4,16,11,80,2,1
3121.0,1.0,0.0,1.0,0.0,246.0,10094.0,25822.0,20111014,20210320,5,16,10,55,6,0
4592.0,1.0,0.0,1.0,1.0,0.0,33236.0,25800.0,20181105,20210510,10,23,12,47,0,1
1732.0,1.0,0.0,0.0,0.0,107.0,21493.0,25704.0,20131024,20210520,7,20,12,25,5,0
4746.0,1.0,1.0,0.0,0.0,114.0,3909.0,25692.0,20130305,20210107,11,23,11,55,3,1
6447.0,1.0,1.0,1.0,1.0,40.0,9239.0,25666.0,20141218,20210323,4,12,7,113,0,0
5366.0,0.0,0.0,1.0,1.0,107.0,815061.0,25610.0,20180224,20201018,24,35,10,242,0,1
6689.0,1.0,1.0,0.0,1.0,483.0,60689.0,25582.0,20121203,20210514,7,15,7,66,1,1
2030.0,1.0,0.0,0.0,0.0,70.0,3250.0,25512.0,20150127,20210520,8,17,8,60,1,1
11245.0,1.0,0.0,1.0,1.0,7.0,1012.0,25507.0,20161105,20210422,20,30,9,74,3,1
4640.0,0.0,0.0,1.0,1.0,211.0,26858.0,25454.0,20171025,20200811,12,29,16,27,3,1
8115.0,1.0,0.0,1.0,0.0,768.0,194253.0,25394.0,20100104,20210520,7,15,7,25,6,1
6816.0,1.0,1.0,1.0,1.0,84.0,24403.0,25334.0,20170623,20210429,3,11,7,60,0,1
4837.0,1.0,0.0,0.0,0.0,108.0,1264.0,25297.0,20131126,20210515,11,18,6,78,0,1
5043.0,1.0,0.0,1.0,1.0,118.0,1505228.0,25249.0,20161124,20210520,9,17,7,187,7,1
2557.0,1.0,0.0,1.0,1.0,138.0,15861.0,25179.0,20181224,20210511,8,25,16,68,2,1
1492.0,0.0,1.0,0.0,0.0,3.0,551.0,25171.0,20150922,20210510,26,39,12,51,0,1
6082.0,1.0,0.0,0.0,0.0,206.0,19005.0,25170.0,20110608,20210520,8,17,8,26,6,1
3058.0,1.0,0.0,0.0,0.0,154.0,2290.0,25165.0,20110123,20210520,7,15,7,34,1,1
1102.0,1.0,0.0,0.0,0.0,112.0,3951.0,25157.0,20160311,20210515,7,18,10,92,16,0
5583.0,1.0,0.0,0.0,0.0,207.0,1498.0,25045.0,20140827,20210520,7,14,6,129,7,1
5898.0,1.0,1.0,1.0,1.0,19.0,486.0,25042.0,20161009,20210405,39,47,7,73,0,1
2582.0,1.0,1.0,1.0,1.0,305.0,5251.0,25016.0,20100120,20191113,7,12,4,98,8,0
5662.0,1.0,0.0,1.0,1.0,22.0,365.0,25003.0,20191112,20210406,10,21,10,43,0,1
2016.0,1.0,1.0,1.0,1.0,47.0,117514.0,24987.0,20150401,20210519,6,14,7,77,1,1
3033.0,1.0,1.0,1.0,0.0,65.0,5062.0,24987.0,20110724,20210520,6,15,8,48,1,0
6179.0,1.0,1.0,0.0,0.0,75.0,12459.0,24968.0,20120304,20210513,7,15,7,131,1,1
3035.0,1.0,1.0,0.0,1.0,181.0,19497.0,24921.0,20090925,20210509,9,19,9,93,1,0
4377.0,1.0,1.0,1.0,1.0,38.0,14081.0,24876.0,20160126,20210511,20,34,13,59,12,1
3332.0,1.0,0.0,1.0,1.0,2229.0,214121.0,24852.0,20150202,20210520,8,17,8,103,0,0
1235.0,1.0,0.0,1.0,1.0,684.0,4739.0,24839.0,20121117,20210518,10,19,8,52,0,1
3047.0,1.0,0.0,0.0,0.0,1728.0,202311.0,24834.0,20161101,20210520,5,14,8,55,9,1
2547.0,1.0,1.0,1.0,0.0,197.0,119973.0,24813.0,20150315,20210520,4,14,9,45,11,1
1853.0,1.0,0.0,1.0,1.0,2.0,2462.0,24802.0,20180602,20210519,5,28,22,76,1,1
8314.0,0.0,0.0,0.0,0.0,3.0,264749.0,24756.0,20110414,20210520,6,13,6,43,0,0
1820.0,1.0,0.0,0.0,1.0,1426.0,279362.0,24684.0,20121030,20210517,9,19,9,46,7,1
2952.0,1.0,1.0,0.0,0.0,7.0,521.0,24678.0,20141013,20210514,5,12,6,35,1,1
8981.0,1.0,1.0,1.0,1.0,252.0,47185.0,24611.0,20160304,20210520,6,16,9,114,3,1
2205.0,1.0,1.0,0.0,1.0,435.0,10039.0,24611.0,20160607,20210519,13,23,9,27,1,1
1437.0,1.0,1.0,1.0,0.0,1020.0,87026.0,24610.0,20141016,20210112,10,16,5,85,1,1
1358.0,1.0,1.0,0.0,1.0,16.0,9078.0,24577.0,20130924,20210519,7,15,7,35,11,1
549.0,1.0,0.0,0.0,0.0,145.0,13990.0,24555.0,20160614,20210519,7,13,5,49,9,1
10913.0,1.0,0.0,0.0,0.0,341.0,76235.0,24521.0,20150604,20210520,11,19,7,20,11,1
4230.0,1.0,1.0,1.0,0.0,33.0,248136.0,24515.0,20130704,20210519,4,13,8,19,7,1
6541.0,1.0,0.0,1.0,1.0,37.0,20474.0,24506.0,20120529,20210505,5,10,4,38,0,1
4774.0,1.0,0.0,0.0,1.0,17.0,369585.0,24438.0,20190526,20210514,23,33,9,68,2,0
2536.0,1.0,0.0,1.0,1.0,15.0,415.0,24376.0,20170630,20210520,18,31,12,47,1,1
5322.0,1.0,0.0,1.0,0.0,321.0,4483.0,24372.0,20171005,20210401,9,26,16,118,2,1
7200.0,1.0,0.0,1.0,0.0,11.0,10895.0,24356.0,20161018,20210520,20,32,11,81,2,1
1241.0,1.0,0.0,1.0,1.0,81.0,4504.0,24314.0,20170507,20210425,8,15,6,29,2,1
3740.0,1.0,0.0,0.0,0.0,1411.0,29924.0,24311.0,20100722,20210520,9,19,9,53,1,1
4211.0,1.0,0.0,0.0,1.0,1622.0,19042.0,24268.0,20160229,20210520,7,15,7,211,11,1
4873.0,1.0,0.0,1.0,1.0,705.0,181664.0,24245.0,20150320,20210503,6,18,11,86,12,1
6953.0,1.0,0.0,1.0,1.0,300.0,4264.0,24218.0,20160427,20210518,3,10,6,73,2,0
4028.0,1.0,0.0,1.0,0.0,1944.0,120301.0,24217.0,20160222,20210520,8,18,9,65,5,1
2407.0,1.0,0.0,0.0,1.0,688.0,266355.0,24206.0,20150220,20210519,10,17,6,108,1,1
5388.0,1.0,1.0,1.0,1.0,33.0,984.0,24176.0,20140102,20201221,5,13,7,219,0,0
4371.0,1.0,0.0,1.0,0.0,80.0,4140.0,24162.0,20140729,20190912,18,27,8,114,0,1
6354.0,1.0,0.0,1.0,1.0,2675.0,258616.0,24094.0,20140311,20210520,10,17,6,123,0,1
5044.0,1.0,0.0,1.0,1.0,99.0,891.0,24094.0,20200709,20210519,19,31,11,57,1,1
1532.0,1.0,1.0,0.0,0.0,154.0,279179.0,24070.0,20151116,20210520,4,16,11,58,1,1
8170.0,1.0,0.0,0.0,0.0,16.0,56099.0,24049.0,20130110,20210520,9,17,7,22,6,1
4215.0,1.0,0.0,1.0,1.0,327.0,158.0,24048.0,20140906,20210509,12,27,14,55,1,1
971.0,1.0,0.0,0.0,0.0,226.0,50164.0,24048.0,20191115,20210520,10,20,9,74,11,1
4328.0,1.0,1.0,1.0,1.0,23.0,10016.0,24047.0,20180125,20210520,17,23,5,31,2,1
11243.0,1.0,1.0,1.0,1.0,501.0,552114.0,24017.0,20110830,20210520,20,27,6,20,5,0
5844.0,0.0,0.0,0.0,0.0,23.0,214228.0,23978.0,20170823,20210520,6,13,6,43,2,1
2715.0,1.0,0.0,0.0,1.0,70.0,3676.0,23910.0,20131025,20210519,4,12,7,67,9,1
7726.0,1.0,0.0,1.0,1.0,1997.0,64568.0,23890.0,20111103,20210514,5,13,7,87,3,0
2507.0,1.0,0.0,1.0,1.0,54.0,387.0,23834.0,20170909,20210511,14,31,16,26,0,0
8671.0,0.0,0.0,1.0,1.0,11.0,25.0,23804.0,20140908,20201126,12,24,11,161,0,1
4222.0,1.0,0.0,1.0,1.0,1157.0,32805.0,23791.0,20160728,20210518,5,11,5,45,0,0
1424.0,1.0,0.0,1.0,1.0,932.0,37066.0,23788.0,20190208,20210520,1,7,5,147,0,1
1622.0,1.0,1.0,1.0,0.0,80.0,104582.0,23785.0,20150624,20210509,12,19,6,51,1,1
3537.0,1.0,0.0,1.0,1.0,1089.0,112726.0,23773.0,20150818,20210520,3,7,3,27,0,0
2324.0,1.0,1.0,0.0,0.0,136.0,8938.0,23766.0,20131015,20210520,10,21,10,39,1,1
1469.0,1.0,1.0,1.0,1.0,26.0,7104.0,23744.0,20111009,20210520,7,17,9,92,11,1
1535.0,1.0,1.0,0.0,1.0,9.0,17811.0,23743.0,20150314,20210518,4,11,6,34,11,1
3405.0,1.0,0.0,0.0,0.0,27.0,971.0,23725.0,20140701,20210509,18,26,7,89,0,1
1716.0,1.0,0.0,1.0,0.0,411.0,13879.0,23720.0,20170809,20210517,19,29,9,59,1,0
3508.0,0.0,0.0,1.0,0.0,1009.0,8666.0,23667.0,20140331,20201019,7,17,9,66,1,1
3013.0,1.0,1.0,1.0,0.0,228.0,137205.0,23629.0,20170620,20210520,10,19,8,52,11,0
6560.0,1.0,0.0,1.0,1.0,647.0,6537.0,23603.0,20150922,20210520,5,13,7,53,1,1
7280.0,1.0,0.0,1.0,1.0,6.0,714371.0,23568.0,20181122,20201122,6,14,7,10,0,1
5703.0,1.0,0.0,1.0,1.0,66.0,14064.0,23547.0,20090921,20210515,10,21,10,74,4,1
4777.0,1.0,1.0,1.0,1.0,631.0,584802.0,23468.0,20160906,20210519,6,13,6,26,1,1
2604.0,1.0,0.0,0.0,0.0,61.0,71733.0,23466.0,20180201,20210519,6,13,6,71,14,1
2347.0,1.0,0.0,1.0,0.0,340.0,20282.0,23455.0,20191003,20210520,3,7,3,35,9,1
2058.0,1.0,0.0,1.0,1.0,63.0,4225.0,23449.0,20120831,20210520,5,11,5,32,0,1
3987.0,1.0,1.0,1.0,1.0,839.0,74237.0,23404.0,20110716,20210517,11,20,8,27,11,1
6260.0,1.0,0.0,1.0,1.0,1639.0,15204.0,23387.0,20111103,20210520,8,16,7,40,3,1
3204.0,1.0,0.0,1.0,1.0,7.0,505.0,23387.0,20161021,20210430,16,28,11,53,0,1
1430.0,1.0,0.0,1.0,1.0,65.0,8800.0,23364.0,20130910,20210505,8,17,8,40,0,1
4592.0,1.0,1.0,1.0,1.0,139.0,1643.0,23357.0,20120716,20210510,8,19,10,142,3,1
3456.0,1.0,0.0,1.0,1.0,10.0,34978.0,23293.0,20201110,20210520,21,31,9,52,1,1
2533.0,1.0,1.0,0.0,0.0,314.0,193120.0,23278.0,20170116,20210520,6,16,9,175,11,0
633.0,1.0,1.0,0.0,1.0,233.0,75626.0,23261.0,20130723,20210405,7,18,10,51,0,1
2259.0,0.0,0.0,1.0,0.0,72.0,28252.0,23161.0,20140207,20210520,5,11,5,57,9,0
2910.0,1.0,0.0,1.0,1.0,193.0,199.0,23128.0,20190119,20201109,24,42,17,59,1,1
4946.0,1.0,1.0,1.0,1.0,814.0,39652.0,23056.0,20101027,20210429,3,11,7,28,1,0
7259.0,1.0,1.0,1.0,1.0,179.0,143113.0,23046.0,20130114,20210512,58,75,16,197,0,1
5626.0,1.0,0.0,0.0,1.0,97.0,6860.0,22997.0,20110315,20210513,12,23,10,53,0,0
3796.0,1.0,0.0,1.0,1.0,125.0,4619.0,22937.0,20170313,20210305,4,16,11,61,0,1
1701.0,1.0,0.0,1.0,1.0,29.0,19212.0,22918.0,20190212,20210510,20,31,10,50,1,1
4403.0,1.0,0.0,1.0,1.0,35.0,147.0,22896.0,20160603,20200827,28,36,7,35,0,1
2662.0,1.0,1.0,1.0,1.0,32.0,36366.0,22868.0,20120416,20210518,13,22,8,32,2,1
12158.0,1.0,0.0,1.0,1.0,131.0,101377.0,22843.0,20160216,20210420,10,17,6,151,0,1
2698.0,1.0,0.0,1.0,1.0,823.0,28271.0,22839.0,20101127,20210416,5,11,5,171,7,0
796.0,1.0,1.0,0.0,0.0,67.0,2648.0,22837.0,20140623,20210520,5,14,8,41,1,1
6101.0,1.0,0.0,1.0,1.0,5.0,56606.0,22837.0,20141009,20210520,5,12,6,177,2,1
1781.0,1.0,1.0,1.0,1.0,123.0,722.0,22805.0,20130820,20201116,9,18,8,51,1,1
2622.0,1.0,0.0,0.0,0.0,44.0,15978.0,22801.0,20150103,20210511,13,18,4,33,2,1
4618.0,1.0,0.0,0.0,0.0,422.0,18047.0,22741.0,20110114,20210520,10,21,10,22,1,1
8795.0,1.0,1.0,1.0,1.0,40.0,47174.0,22678.0,20181126,20210512,10,24,13,200,3,1
3080.0,1.0,1.0,1.0,1.0,304.0,70474.0,22664.0,20100406,20210520,8,19,10,72,1,1
3564.0,0.0,0.0,0.0,0.0,192.0,117708.0,22646.0,20190108,20210520,10,18,7,52,10,0
3773.0,1.0,0.0,1.0,0.0,564.0,12948.0,22614.0,20131209,20210519,7,14,6,55,2,1
7162.0,1.0,1.0,0.0,0.0,411.0,65328.0,22613.0,20160525,20210512,9,15,5,58,11,1
9997.0,1.0,0.0,1.0,1.0,206.0,24732.0,22610.0,20111130,20210519,6,20,13,18,2,1
3627.0,1.0,0.0,1.0,1.0,62.0,7768.0,22597.0,20150428,20210411,29,41,11,112,2,0
5649.0,0.0,0.0,0.0,0.0,34.0,1040874.0,22594.0,20111002,20210520,8,17,8,76,5,0
4357.0,1.0,1.0,1.0,0.0,453.0,8409.0,22583.0,20160716,20210429,8,25,16,56,14,1
3704.0,1.0,1.0,1.0,1.0,170.0,19322.0,22567.0,20140826,20210520,12,22,9,33,11,1
2670.0,1.0,0.0,1.0,1.0,717.0,49667.0,22561.0,20100320,20210520,6,10,3,26,0,0
1849.0,1.0,0.0,1.0,1.0,9.0,2773.0,22555.0,20130709,20210510,5,14,8,43,7,1
4632.0,1.0,0.0,1.0,1.0,159.0,273174.0,22521.0,20170602,20210106,18,27,8,107,3,1
3249.0,1.0,1.0,1.0,1.0,321.0,2275.0,22468.0,20131219,20210510,8,19,10,90,1,1
7845.0,1.0,1.0,1.0,0.0,545.0,85285.0,22464.0,20160308,20210520,10,23,12,72,1,1
3771.0,1.0,0.0,1.0,0.0,338.0,15734.0,22447.0,20180612,20210520,8,14,5,99,11,1
1939.0,1.0,0.0,1.0,1.0,240.0,4116.0,22400.0,20140323,20210504,9,25,15,343,8,0
1599.0,1.0,1.0,1.0,1.0,341.0,78072.0,22379.0,20181027,20210519,9,19,9,15,11,1
1472.0,1.0,0.0,0.0,1.0,31.0,2241.0,22377.0,20101003,20210509,7,12,4,114,1,1
2864.0,1.0,0.0,1.0,0.0,254.0,49231.0,22369.0,20100216,20210518,9,19,9,99,2,1
2640.0,1.0,0.0,1.0,1.0,308.0,10221.0,22324.0,20120302,20210323,9,18,8,68,1,1
2491.0,1.0,1.0,1.0,1.0,203.0,935.0,22305.0,20101017,20200919,10,20,9,35,0,1
7493.0,1.0,1.0,0.0,0.0,170.0,9533.0,22246.0,20150728,20210519,10,17,6,49,7,1
3020.0,1.0,0.0,1.0,1.0,790.0,5554.0,22189.0,20151226,20210520,7,23,15,58,8,1
7003.0,1.0,1.0,0.0,1.0,17.0,1075.0,22176.0,20151103,20210509,17,25,7,79,0,0
4213.0,1.0,1.0,1.0,0.0,295.0,3045.0,22153.0,20110418,20210113,6,16,9,86,14,0
1482.0,1.0,0.0,0.0,0.0,6.0,1192.0,22114.0,20170714,20210514,5,17,11,48,1,1
3709.0,1.0,0.0,0.0,0.0,885.0,297259.0,22064.0,20131104,20210520,6,16,9,155,9,1
3988.0,1.0,1.0,1.0,0.0,102.0,103702.0,22051.0,20091206,20210520,5,11,5,51,1,1
3868.0,1.0,0.0,1.0,0.0,198.0,32505.0,22045.0,20190128,20210514,10,20,9,76,7,1
1268.0,1.0,1.0,1.0,1.0,490.0,2426.0,21978.0,20111119,20210518,19,26,6,49,0,1
8532.0,1.0,1.0,1.0,1.0,56.0,658845.0,21971.0,20171104,20210323,26,35,8,16,14,1
4075.0,1.0,0.0,1.0,1.0,551.0,72073.0,21958.0,20100121,20210519,7,17,9,73,5,1
1915.0,1.0,1.0,0.0,0.0,471.0,13045.0,21945.0,20120318,20210517,5,17,11,34,1,1
7620.0,1.0,0.0,1.0,1.0,85.0,13859.0,21923.0,20171110,20210410,16,25,8,911,3,1
1623.0,1.0,0.0,1.0,1.0,535.0,242448.0,21897.0,20170120,20210510,6,11,4,40,2,1
4655.0,1.0,0.0,1.0,1.0,358.0,64854.0,21886.0,20160410,20210429,29,37,7,43,3,1
4239.0,1.0,0.0,1.0,0.0,408.0,70155.0,21857.0,20110525,20210520,8,16,7,73,1,1
1881.0,1.0,1.0,1.0,1.0,1462.0,79387.0,21753.0,20180618,20210520,14,21,6,130,0,0
2686.0,1.0,1.0,1.0,1.0,388.0,48184.0,21728.0,20151103,20210517,17,25,7,71,1,1
2313.0,1.0,0.0,0.0,0.0,3.0,1557.0,21696.0,20130422,20210513,4,13,8,77,1,0
5209.0,1.0,1.0,0.0,1.0,130.0,5507.0,21653.0,20090916,20210511,6,17,10,55,5,1
2914.0,1.0,0.0,1.0,1.0,165.0,20700.0,21634.0,20121219,20210518,5,15,9,34,8,1
2882.0,1.0,1.0,1.0,1.0,162.0,4483.0,21618.0,20140930,20210509,10,15,4,48,11,1
2025.0,1.0,0.0,1.0,1.0,279.0,30189.0,21598.0,20120823,20210513,7,15,7,35,14,0
3109.0,1.0,0.0,1.0,0.0,252.0,37080.0,21596.0,20161006,20210518,10,17,6,65,12,1
1948.0,1.0,1.0,1.0,1.0,225.0,10745.0,21588.0,20151129,20210511,10,21,10,47,1,0
2390.0,1.0,0.0,1.0,1.0,11.0,19107.0,21572.0,20140425,20191112,4,11,6,36,0,1
1818.0,1.0,0.0,1.0,1.0,312.0,1426.0,21571.0,20130903,20210518,5,11,5,42,9,1
8487.0,1.0,0.0,1.0,0.0,950.0,118328.0,21544.0,20150413,20210520,7,14,6,87,2,1
4382.0,1.0,1.0,1.0,1.0,386.0,9784.0,21527.0,20121119,20210512,7,15,7,243,3,1
1834.0,1.0,0.0,0.0,0.0,3.0,501.0,21508.0,20150423,20210508,16,29,12,48,0,1
1935.0,0.0,0.0,0.0,0.0,20.0,3371.0,21507.0,20170315,20210519,26,33,6,53,1,1
5721.0,1.0,0.0,1.0,1.0,2044.0,61196.0,21453.0,20160104,20210520,10,18,7,67,11,1
1976.0,1.0,0.0,1.0,1.0,73.0,613.0,21442.0,20140707,20210515,13,21,7,104,0,1
2957.0,1.0,0.0,1.0,0.0,1421.0,158384.0,21442.0,20130926,20210520,8,19,10,63,9,1
4908.0,1.0,0.0,1.0,1.0,610.0,55874.0,21439.0,20121217,20210519,9,18,8,104,0,1
1650.0,1.0,0.0,1.0,1.0,59.0,11781.0,21430.0,20130608,20210520,5,11,5,83,8,1
5044.0,1.0,0.0,1.0,1.0,231.0,955.0,21430.0,20160119,20210331,6,20,13,75,2,0
1480.0,1.0,0.0,0.0,1.0,7.0,15086.0,21384.0,20150603,20210519,4,9,4,16,0,0
4873.0,1.0,1.0,1.0,1.0,6.0,35294.0,21377.0,20120813,20210512,17,25,7,148,1,1
14323.0,1.0,0.0,0.0,1.0,4042.0,3577817.0,21353.0,20140513,20210520,4,9,4,45,1,0
1815.0,1.0,0.0,1.0,1.0,2536.0,84403.0,21352.0,20141028,20210520,4,13,8,84,0,1
8879.0,1.0,0.0,1.0,1.0,170.0,8663.0,21321.0,20180104,20210509,3,9,5,42,3,1
3618.0,1.0,1.0,1.0,1.0,262.0,592.0,21290.0,20140209,20210120,16,22,5,91,0,0
1808.0,1.0,0.0,0.0,0.0,31.0,82905.0,21286.0,20140509,20210330,8,14,5,18,1,1
3013.0,1.0,0.0,1.0,1.0,362.0,9406.0,21282.0,20161114,20210517,4,12,7,10,1,0
2139.0,1.0,1.0,1.0,1.0,8.0,354.0,21203.0,20170918,20200507,20,29,8,89,0,1
2345.0,1.0,0.0,1.0,1.0,129.0,709457.0,21173.0,20150517,20210127,7,16,8,42,0,1
4910.0,1.0,1.0,1.0,1.0,248.0,707130.0,21155.0,20150114,20210518,8,19,10,7,0,1
6418.0,1.0,1.0,1.0,1.0,6.0,2625753.0,21132.0,20160628,20210507,11,19,7,12,0,1
6574.0,1.0,0.0,1.0,1.0,22.0,49025.0,21096.0,20150123,20210513,30,42,11,229,2,0
1337.0,1.0,0.0,1.0,1.0,380.0,5380.0,21042.0,20180314,20210519,5,9,3,40,2,1
7998.0,1.0,0.0,1.0,1.0,293.0,21037.0,21029.0,20140206,20210520,7,12,4,188,7,1
3177.0,1.0,0.0,1.0,1.0,517.0,28544.0,21028.0,20110407,20210509,10,21,10,79,1,1
5693.0,1.0,1.0,0.0,0.0,238.0,48796.0,21019.0,20110302,20210520,21,28,6,22,2,0
2197.0,1.0,1.0,1.0,0.0,264.0,7247.0,20970.0,20091205,20210514,3,10,6,61,9,1
3013.0,1.0,0.0,0.0,0.0,29.0,4541.0,20965.0,20150711,20210506,11,19,7,33,1,1
6326.0,1.0,1.0,1.0,1.0,104.0,86309.0,20959.0,20170424,20210508,8,37,28,102,7,0
3587.0,1.0,0.0,0.0,0.0,1212.0,223792.0,20945.0,20160530,20210512,4,9,4,35,1,1
2519.0,1.0,0.0,1.0,1.0,88.0,154.0,20945.0,20140929,20210509,11,22,10,32,0,1
3331.0,1.0,1.0,1.0,1.0,0.0,45390.0,20928.0,20140818,20210520,10,22,11,40,1,0
3523.0,1.0,0.0,1.0,0.0,478.0,156732.0,20919.0,20160415,20210520,8,19,10,22,9,1
7017.0,1.0,0.0,1.0,1.0,94.0,650455.0,20897.0,20170909,20210520,6,13,6,32,0,1
953.0,1.0,0.0,1.0,0.0,13.0,23927.0,20840.0,20190305,20210520,15,31,15,55,11,1
6320.0,1.0,1.0,1.0,1.0,187.0,1895818.0,20829.0,20130114,20210520,8,19,10,45,3,1
2195.0,1.0,0.0,0.0,0.0,28.0,9768.0,20805.0,20110228,20210328,6,13,6,37,6,1
7430.0,1.0,1.0,1.0,1.0,500.0,2780.0,20787.0,20140303,20210520,21,25,3,36,1,1
1792.0,1.0,1.0,1.0,0.0,104.0,2942.0,20758.0,20160515,20210512,4,16,11,34,2,1
2826.0,1.0,1.0,1.0,0.0,4.0,7346.0,20730.0,20140710,20210519,13,26,12,87,12,1
17016.0,1.0,0.0,1.0,1.0,1825.0,6500.0,20712.0,20140411,20210519,7,16,8,29,0,0
4066.0,1.0,0.0,1.0,1.0,521.0,10712.0,20712.0,20140416,20210510,17,26,8,126,1,1
1314.0,1.0,0.0,1.0,1.0,318.0,7618.0,20707.0,20130621,20210520,5,11,5,37,1,1
4422.0,1.0,0.0,0.0,1.0,50.0,76495.0,20703.0,20100318,20210520,4,9,4,295,0,0
2905.0,1.0,0.0,0.0,0.0,1093.0,159389.0,20696.0,20150225,20210520,5,15,9,88,9,1
2558.0,1.0,0.0,1.0,1.0,1098.0,232388.0,20653.0,20110212,20210520,10,26,15,43,0,0
5287.0,1.0,0.0,1.0,1.0,50.0,65605.0,20651.0,20180914,20210426,7,19,11,27,3,1
1392.0,1.0,0.0,0.0,0.0,358.0,26154.0,20645.0,20200102,20210520,10,21,10,57,11,1
1911.0,1.0,1.0,1.0,1.0,1369.0,254751.0,20641.0,20151021,20210520,7,15,7,43,3,1
4180.0,1.0,1.0,1.0,0.0,49.0,68371.0,20638.0,20160908,20210520,21,43,21,38,11,1
4933.0,1.0,0.0,1.0,1.0,1454.0,381537.0,20623.0,20111215,20210520,14,24,9,32,3,1
2293.0,1.0,0.0,0.0,0.0,413.0,16760.0,20622.0,20160618,20210520,5,20,14,88,11,1
10606.0,1.0,0.0,0.0,1.0,59.0,13358.0,20603.0,20170805,20210412,5,17,11,86,0,0
1691.0,1.0,0.0,1.0,1.0,70.0,5410.0,20584.0,20150506,20210501,21,36,14,43,1,0
1910.0,1.0,1.0,1.0,0.0,139.0,1942.0,20581.0,20150413,20210311,7,16,8,42,1,1
2231.0,1.0,0.0,1.0,1.0,36.0,14423.0,20579.0,20160130,20210519,4,12,7,232,9,1
2617.0,1.0,0.0,1.0,1.0,13.0,27626.0,20577.0,20170530,20200809,33,41,7,16,0,1
2677.0,1.0,0.0,1.0,1.0,4308.0,1630554.0,20564.0,20140206,20210520,9,21,11,69,9,0
3218.0,1.0,0.0,1.0,0.0,125.0,1112.0,20557.0,20140618,20210402,10,21,10,47,12,1
1422.0,1.0,1.0,1.0,1.0,301.0,102457.0,20540.0,20151027,20210514,6,16,9,60,11,1
6457.0,1.0,0.0,1.0,1.0,79.0,13110.0,20532.0,20170310,20210406,16,23,6,46,2,1
2825.0,1.0,0.0,1.0,1.0,293.0,18482.0,20527.0,20110307,20210507,5,13,7,76,1,1
2239.0,1.0,0.0,1.0,1.0,29.0,1372.0,20514.0,20160122,20201207,17,29,11,81,0,1
3420.0,1.0,0.0,0.0,0.0,114.0,182609.0,20493.0,20140703,20210520,5,15,9,65,2,1
4638.0,1.0,1.0,1.0,1.0,26.0,7442.0,20392.0,20181025,20210424,13,26,12,30,3,1
2015.0,1.0,0.0,1.0,1.0,8.0,1034.0,20383.0,20150102,20210517,18,31,12,104,0,1
6118.0,1.0,0.0,1.0,0.0,51.0,56640.0,20382.0,20140401,20210520,7,14,6,26,0,0
1437.0,1.0,1.0,1.0,1.0,10.0,2499.0,20379.0,20110814,20210520,12,15,2,41,1,1
4930.0,1.0,0.0,0.0,0.0,765.0,406881.0,20361.0,20150615,20210520,17,28,10,62,9,0
1251.0,1.0,0.0,0.0,0.0,78.0,15938.0,20353.0,20160118,20210520,5,11,5,36,12,1
860.0,1.0,0.0,1.0,0.0,35.0,54626.0,20347.0,20180307,20210520,12,19,6,49,11,1
3609.0,1.0,0.0,1.0,0.0,298.0,858.0,20313.0,20130320,20210504,5,21,15,33,9,0
2110.0,1.0,0.0,1.0,1.0,465.0,8198.0,20301.0,20180307,20210510,5,22,16,42,1,1
2349.0,1.0,1.0,1.0,1.0,861.0,34714.0,20297.0,20160219,20210517,8,17,8,44,1,0
2090.0,1.0,0.0,1.0,0.0,89.0,7090.0,20217.0,20150203,20210507,3,10,6,37,9,1
2523.0,1.0,1.0,0.0,0.0,38.0,9682.0,20213.0,20130310,20210520,8,17,8,50,14,0
1008.0,1.0,0.0,1.0,1.0,319.0,18021.0,20207.0,20150514,20210520,6,13,6,33,1,0
4393.0,1.0,0.0,0.0,1.0,102.0,12252.0,20204.0,20190730,20210517,6,12,5,3,0,1
2168.0,1.0,0.0,0.0,1.0,629.0,98043.0,20166.0,20131219,20210401,3,16,12,59,0,1
1278.0,1.0,0.0,1.0,1.0,82.0,9431.0,20160.0,20180317,20210404,4,15,10,52,11,1
823.0,1.0,0.0,0.0,0.0,29.0,2939.0,20152.0,20140820,20210518,9,23,13,44,1,1
6709.0,1.0,1.0,0.0,1.0,46.0,35066.0,20151.0,20150515,20210429,10,21,10,41,14,1
583.0,1.0,1.0,1.0,1.0,22.0,6699.0,20148.0,20171229,20210520,5,13,7,59,1,1
923.0,1.0,0.0,0.0,0.0,32.0,10040.0,20147.0,20190910,20210517,11,25,13,70,11,1
4309.0,1.0,1.0,1.0,1.0,48.0,75931.0,20144.0,20120626,20210519,6,20,13,50,2,0
1942.0,1.0,1.0,0.0,0.0,259.0,14846.0,20143.0,20100623,20210303,3,9,5,63,1,1
3648.0,1.0,0.0,1.0,1.0,18.0,15664.0,20130.0,20150407,20210510,7,17,9,29,12,0
1500.0,1.0,0.0,1.0,1.0,912.0,52985.0,20126.0,20150301,20210518,12,25,12,148,11,1
5135.0,1.0,1.0,1.0,1.0,12.0,36602.0,20122.0,20140603,20210504,41,53,11,53,0,1
7150.0,1.0,0.0,1.0,0.0,156.0,21388.0,20099.0,20170509,20210520,31,39,7,45,0,1
925.0,1.0,0.0,1.0,1.0,428.0,16272.0,20085.0,20140528,20210517,7,20,12,34,1,1
3222.0,1.0,0.0,1.0,0.0,332.0,10343.0,20085.0,20140929,20210520,12,18,5,64,1,1
1623.0,1.0,1.0,0.0,1.0,176.0,30805.0,20063.0,20161124,20210411,4,20,15,41,12,1
1363.0,1.0,0.0,0.0,0.0,76.0,4951.0,20063.0,20140717,20210519,12,28,15,42,16,1
7872.0,1.0,0.0,1.0,1.0,613.0,349009.0,20062.0,20110715,20210520,10,22,11,142,1,1
9667.0,1.0,0.0,1.0,1.0,1679.0,122597.0,20005.0,20171019,20210418,9,20,10,81,2,0
5366.0,1.0,1.0,1.0,1.0,232.0,9035.0,20002.0,20090909,20210519,7,18,10,106,2,1
3568.0,1.0,0.0,1.0,0.0,53.0,17046.0,19971.0,20120302,20210428,13,27,13,62,12,0
3261.0,1.0,1.0,1.0,1.0,38.0,8845.0,19966.0,20171109,20210515,19,27,7,155,1,1
4054.0,1.0,0.0,1.0,1.0,5.0,746.0,19962.0,20140805,20210411,18,27,8,18,0,1
4749.0,1.0,1.0,1.0,0.0,65.0,14200.0,19948.0,20160622,20210518,20,30,9,25,1,1
2117.0,0.0,0.0,1.0,1.0,14.0,41.0,19937.0,20160311,20210516,23,35,11,45,1,1
760.0,1.0,0.0,1.0,1.0,188.0,23702.0,19898.0,20180519,20210520,7,21,13,35,9,1
5278.0,1.0,0.0,1.0,1.0,138.0,25195.0,19868.0,20180206,20210520,9,17,7,24,3,1
1759.0,1.0,0.0,1.0,1.0,48.0,5633.0,19851.0,20150301,20210520,4,13,8,45,9,1
2913.0,1.0,0.0,1.0,0.0,59.0,646.0,19843.0,20140330,20200102,3,19,15,84,0,0
7098.0,1.0,0.0,1.0,1.0,66.0,27451.0,19833.0,20131214,20191227,30,41,10,56,0,1
3837.0,1.0,0.0,1.0,1.0,40.0,553.0,19827.0,20170205,20210517,15,31,15,202,2,1
2355.0,1.0,1.0,0.0,0.0,0.0,14938.0,19803.0,20140921,20210511,14,25,10,55,0,1
4428.0,1.0,1.0,1.0,1.0,565.0,166904.0,19802.0,20121130,20210520,7,16,8,83,7,0
4812.0,0.0,0.0,1.0,1.0,56.0,621743.0,19795.0,20090115,20210520,5,13,7,20,7,0
1611.0,1.0,0.0,0.0,0.0,22.0,25733.0,19793.0,20161222,20210512,4,13,8,43,9,1
2338.0,1.0,0.0,0.0,0.0,616.0,64104.0,19776.0,20150214,20210512,4,13,8,40,1,1
4264.0,1.0,0.0,1.0,0.0,401.0,42350.0,19765.0,20170126,20210519,16,33,16,49,11,1
1792.0,1.0,0.0,1.0,1.0,12.0,697.0,19752.0,20151121,20210415,20,25,4,91,1,1
4576.0,1.0,0.0,1.0,1.0,994.0,44862.0,19742.0,20120213,20201128,8,19,10,69,4,1
5594.0,1.0,1.0,1.0,0.0,22.0,91438.0,19706.0,20110401,20210519,20,30,9,258,8,0
1073.0,1.0,1.0,1.0,1.0,184.0,5648.0,19697.0,20150611,20210512,12,21,8,45,1,1
3072.0,1.0,1.0,1.0,1.0,335.0,1124.0,19693.0,20160512,20210428,6,15,8,16,1,1
2231.0,1.0,0.0,1.0,1.0,288.0,67978.0,19690.0,20120107,20180418,4,24,19,38,1,0
2145.0,1.0,0.0,0.0,1.0,18.0,1105.0,19685.0,20140116,20210320,12,20,7,42,1,1
3428.0,1.0,0.0,1.0,0.0,29.0,584.0,19684.0,20140729,20210201,22,31,8,63,0,0
5961.0,1.0,0.0,1.0,1.0,18.0,1089.0,19683.0,20180502,20210422,9,22,12,157,3,1
978.0,1.0,0.0,0.0,0.0,100.0,44805.0,19677.0,20130819,20210520,5,12,6,136,1,1
1480.0,1.0,0.0,1.0,1.0,19.0,5838.0,19673.0,20160608,20201202,29,41,11,43,0,1
2543.0,1.0,0.0,0.0,0.0,61.0,13076.0,19659.0,20120512,20210520,3,9,5,41,9,1
2386.0,1.0,1.0,1.0,1.0,114.0,15148.0,19643.0,20130907,20210312,8,21,12,84,1,1
4239.0,1.0,0.0,1.0,0.0,0.0,5823.0,19628.0,20110822,20210510,17,35,17,48,6,1
2546.0,1.0,0.0,1.0,1.0,3384.0,1132603.0,19599.0,20120208,20210515,5,11,5,24,0,1
1661.0,1.0,0.0,1.0,1.0,23.0,470.0,19596.0,20150715,20210504,4,13,8,39,1,1
6160.0,1.0,0.0,1.0,1.0,549.0,7732.0,19572.0,20181228,20210520,5,11,5,95,3,1
4121.0,1.0,1.0,1.0,1.0,171.0,1673008.0,19570.0,20180211,20210516,5,20,14,7,0,0
5645.0,1.0,0.0,1.0,1.0,455.0,17215.0,19566.0,20151006,20210520,4,9,4,30,9,1
3797.0,1.0,0.0,0.0,0.0,641.0,10746.0,19553.0,20150319,20210514,4,11,6,87,3,1
2082.0,1.0,1.0,1.0,0.0,277.0,7681.0,19551.0,20151110,20210509,6,15,8,38,1,1
4870.0,1.0,1.0,1.0,1.0,530.0,974320.0,19531.0,20170514,20210520,4,9,4,111,1,1
1199.0,1.0,1.0,1.0,0.0,35.0,6903.0,19508.0,20130314,20210519,12,20,7,56,1,1
650.0,1.0,0.0,1.0,1.0,220.0,7811.0,19492.0,20150322,20190520,6,16,9,41,11,1
6831.0,1.0,0.0,1.0,1.0,1878.0,90758.0,19456.0,20150430,20210520,15,22,6,170,7,1
3346.0,1.0,0.0,1.0,0.0,82.0,5986.0,19409.0,20131129,20201011,39,49,9,46,0,1
1155.0,1.0,1.0,1.0,1.0,667.0,6986.0,19409.0,20120718,20210520,2,11,8,27,0,0
2993.0,1.0,0.0,0.0,1.0,2.0,949.0,19408.0,20140819,20210204,9,19,9,27,3,1
3098.0,1.0,0.0,1.0,1.0,145.0,26625.0,19403.0,20131227,20210520,15,31,15,37,1,1
1289.0,1.0,0.0,0.0,0.0,1.0,2306.0,19383.0,20140211,20201203,4,9,4,32,0,1
456.0,1.0,0.0,1.0,1.0,15.0,3255.0,19361.0,20171210,20210320,26,32,5,36,0,1
988.0,1.0,0.0,1.0,0.0,33.0,18804.0,19234.0,20151026,20210515,6,17,10,35,12,1
8416.0,1.0,1.0,1.0,1.0,0.0,5385.0,19232.0,20140420,20210518,11,18,6,65,1,0
3944.0,1.0,0.0,1.0,1.0,160.0,1343.0,19198.0,20161117,20210519,10,15,4,60,2,1
1151.0,1.0,1.0,1.0,0.0,106.0,6225.0,19124.0,20170221,20210514,11,18,6,119,2,0
5664.0,1.0,0.0,1.0,0.0,4.0,38006.0,19063.0,20140413,20210520,6,14,7,37,3,0
5785.0,1.0,1.0,1.0,1.0,568.0,18484.0,19041.0,20130113,20210515,5,13,7,28,3,1
1351.0,1.0,0.0,0.0,0.0,88.0,13332.0,19009.0,20141118,20210518,3,9,5,59,1,1
337.0,1.0,0.0,1.0,1.0,31.0,1357.0,19009.0,20150613,20210518,17,27,9,35,5,1
1114.0,1.0,1.0,1.0,1.0,202.0,4840.0,18978.0,20131031,20210407,11,23,11,102,1,1
10034.0,0.0,0.0,1.0,0.0,887.0,124287.0,18925.0,20110815,20210520,5,12,6,22,3,1
1008.0,1.0,1.0,1.0,1.0,46.0,10463.0,18918.0,20160207,20210504,14,22,7,62,1,1
6531.0,1.0,0.0,1.0,0.0,76.0,32536.0,18908.0,20180321,20210520,4,13,8,73,3,1
3991.0,1.0,0.0,1.0,1.0,494.0,10822.0,18901.0,20180405,20210517,8,14,5,48,1,1
1135.0,1.0,0.0,1.0,1.0,189.0,2595.0,18889.0,20140405,20210510,9,19,9,40,1,1
1376.0,1.0,0.0,1.0,0.0,80.0,4638.0,18884.0,20160928,20210520,7,15,7,48,1,0
1098.0,1.0,0.0,1.0,1.0,356.0,469.0,18861.0,20111008,20210507,8,20,11,47,1,1
3250.0,1.0,1.0,1.0,0.0,619.0,25874.0,18786.0,20131028,20210515,6,16,9,107,2,1
6074.0,1.0,0.0,1.0,1.0,134.0,1173.0,18783.0,20180924,20210428,4,18,13,19,2,1
3099.0,1.0,0.0,0.0,0.0,92.0,265793.0,18779.0,20141103,20210504,16,27,10,70,0,1
1568.0,1.0,1.0,0.0,0.0,76.0,51796.0,18742.0,20150609,20210517,16,24,7,44,1,1
1322.0,1.0,0.0,1.0,1.0,553.0,70709.0,18737.0,20171112,20210518,8,17,8,78,1,1
1738.0,1.0,1.0,0.0,1.0,23.0,3147.0,18728.0,20110217,20210514,7,15,7,78,6,1
5724.0,1.0,0.0,1.0,1.0,353.0,6504.0,18717.0,20171201,20210519,20,28,7,130,3,1
1116.0,1.0,0.0,0.0,0.0,102.0,2068.0,18704.0,20180823,20210511,9,24,14,61,11,0
4972.0,1.0,1.0,1.0,1.0,2.0,11768.0,18702.0,20140905,20210426,15,21,5,68,9,1
2681.0,1.0,0.0,0.0,1.0,20.0,49028.0,18695.0,20110109,20210520,6,18,11,101,0,1
679.0,1.0,1.0,1.0,0.0,150.0,9411.0,18691.0,20160426,20210519,9,19,9,47,16,1
2724.0,1.0,0.0,1.0,1.0,236.0,126602.0,18663.0,20100609,20210518,9,18,8,65,1,0
2184.0,0.0,0.0,1.0,0.0,5.0,823.0,18654.0,20201206,20210327,5,19,13,45,2,0
4492.0,1.0,1.0,1.0,1.0,190.0,27514.0,18619.0,20160128,20210519,12,28,15,34,1,0
5316.0,1.0,1.0,1.0,1.0,2.0,5745.0,18606.0,20180209,20210413,9,16,6,353,7,0
1885.0,1.0,0.0,1.0,1.0,49.0,1805.0,18567.0,20161002,20200729,21,29,7,61,1,1
3285.0,1.0,1.0,1.0,0.0,292.0,322.0,18542.0,20120213,20210212,9,16,6,58,14,1
817.0,1.0,1.0,0.0,0.0,4.0,7024.0,18541.0,20170120,20210514,8,21,12,55,1,1
2226.0,1.0,0.0,1.0,0.0,371.0,87145.0,18532.0,20151005,20210520,6,22,15,78,1,1
3296.0,1.0,0.0,1.0,0.0,137.0,27642.0,18525.0,20130629,20210520,6,13,6,46,1,1
3582.0,1.0,1.0,1.0,1.0,262.0,1659.0,18506.0,20120318,20180123,7,17,9,128,14,1
3182.0,1.0,1.0,1.0,1.0,84.0,10311.0,18506.0,20140407,20210516,15,22,6,54,14,1
3142.0,1.0,1.0,1.0,1.0,29.0,1238.0,18492.0,20180622,20210520,12,27,14,157,2,1
6163.0,1.0,0.0,1.0,1.0,208.0,1095200.0,18440.0,20120810,20210517,6,13,6,57,3,0
2039.0,1.0,0.0,0.0,1.0,65.0,5214.0,18434.0,20150406,20210516,10,18,7,82,12,1
873.0,1.0,0.0,0.0,0.0,173.0,80510.0,18432.0,20190226,20210520,8,19,10,80,1,1
7216.0,1.0,1.0,0.0,1.0,824.0,2445026.0,18428.0,20170704,20210519,6,17,10,35,7,1
3623.0,1.0,0.0,1.0,0.0,102.0,81531.0,18428.0,20131021,20210520,18,27,8,127,1,1
3101.0,1.0,0.0,1.0,1.0,48.0,13453.0,18421.0,20110101,20210519,12,24,11,81,1,1
1908.0,1.0,0.0,0.0,0.0,273.0,32156.0,18407.0,20130128,20210516,9,18,8,44,1,1
1193.0,1.0,1.0,1.0,1.0,197.0,30755.0,18404.0,20111204,20210520,7,17,9,111,2,1
941.0,1.0,1.0,1.0,1.0,281.0,5640.0,18353.0,20150603,20210520,4,9,4,50,2,0
4315.0,1.0,0.0,1.0,1.0,10.0,599861.0,18343.0,20180430,20201024,32,43,10,70,0,1
656.0,1.0,0.0,0.0,0.0,26.0,49917.0,18295.0,20140817,20210511,9,19,9,57,1,1
556.0,1.0,0.0,1.0,1.0,40.0,12809.0,18289.0,20190616,20210520,8,16,7,44,11,1
36094.0,1.0,0.0,1.0,1.0,705.0,58478.0,18266.0,20160920,20210520,19,38,18,55,0,1
2932.0,1.0,0.0,0.0,0.0,34.0,77315.0,18262.0,20130805,20210520,19,26,6,53,7,0
9122.0,1.0,0.0,0.0,0.0,28.0,259501.0,18253.0,20120305,20210520,13,22,8,85,5,1
2052.0,1.0,1.0,1.0,1.0,21.0,570423.0,18252.0,20190207,20210520,15,24,8,194,1,1
3078.0,1.0,1.0,1.0,1.0,142.0,6398.0,18250.0,20110430,20201202,8,12,3,79,0,1
7776.0,1.0,0.0,1.0,1.0,598.0,32385.0,18231.0,20151128,20210518,7,15,7,58,3,1
1441.0,1.0,0.0,1.0,0.0,76.0,95269.0,18183.0,20190817,20210520,9,19,9,73,11,1
1663.0,1.0,1.0,1.0,0.0,837.0,50737.0,18182.0,20160519,20210520,9,19,9,45,1,1
2551.0,1.0,0.0,1.0,1.0,46.0,1237.0,18179.0,20110525,20210514,12,21,8,54,0,0
4822.0,0.0,0.0,0.0,0.0,338.0,246315.0,18160.0,20100227,20210520,4,9,4,38,5,0
3204.0,0.0,0.0,0.0,1.0,185.0,35047.0,18144.0,20150701,20201220,5,11,5,33,0,1
7821.0,1.0,0.0,1.0,1.0,87.0,53516.0,18140.0,20110819,20210408,11,19,7,52,6,1
755.0,1.0,0.0,0.0,1.0,84.0,26815.0,18140.0,20160808,20210520,3,10,6,47,1,1
4204.0,1.0,0.0,1.0,1.0,73.0,33969.0,18130.0,20151117,20200828,9,18,8,7,14,1
3605.0,1.0,0.0,1.0,1.0,363.0,74063.0,18122.0,20150313,20210516,7,15,7,33,0,1
5743.0,1.0,1.0,1.0,1.0,84.0,1291.0,18110.0,20130814,20210418,2,21,18,36,0,1
1744.0,1.0,0.0,1.0,1.0,10.0,265.0,18085.0,20131212,20200801,7,19,11,52,0,1
4701.0,1.0,0.0,1.0,1.0,0.0,4089.0,18081.0,20161027,20191111,10,17,6,9,0,1
1291.0,1.0,1.0,0.0,0.0,10.0,1459.0,18063.0,20150831,20201111,32,38,5,48,2,1
4957.0,1.0,1.0,1.0,0.0,109.0,10976.0,18036.0,20131211,20210519,10,16,5,33,1,1
2493.0,1.0,0.0,1.0,0.0,617.0,37337.0,18013.0,20130324,20210416,9,17,7,26,1,1
3393.0,1.0,1.0,0.0,0.0,43.0,53869.0,18012.0,20160908,20210519,6,16,9,26,7,1
2755.0,1.0,0.0,1.0,1.0,321.0,48191.0,17984.0,20150901,20180223,12,22,9,46,0,1
3999.0,1.0,1.0,0.0,0.0,214.0,4467.0,17967.0,20130514,20210330,7,14,6,60,3,1
3141.0,1.0,0.0,1.0,0.0,142.0,767.0,17938.0,20130722,20201103,7,15,7,136,4,1
638.0,1.0,0.0,0.0,0.0,47.0,714.0,17930.0,20150701,20210311,8,16,7,26,1,1
2156.0,1.0,0.0,1.0,0.0,438.0,24086.0,17930.0,20140729,20210520,7,15,7,72,7,0
1587.0,1.0,0.0,1.0,1.0,34.0,233848.0,17922.0,20120412,20210517,5,17,11,149,2,1
7068.0,1.0,0.0,1.0,1.0,12.0,151049.0,17915.0,20150817,20210513,22,29,6,22,0,1
5312.0,0.0,0.0,0.0,0.0,3.0,236043.0,17901.0,20141106,20210514,6,13,6,117,0,1
818.0,1.0,0.0,1.0,1.0,2.0,37770.0,17876.0,20160304,20210226,9,24,14,78,0,1
1944.0,1.0,0.0,1.0,1.0,112.0,958.0,17874.0,20131016,20210517,6,15,8,37,9,1
838.0,1.0,1.0,1.0,1.0,476.0,71923.0,17863.0,20161223,20210520,8,15,6,32,11,1
3171.0,1.0,0.0,1.0,1.0,7.0,19084.0,17851.0,20170718,20210520,11,20,8,83,9,1
1361.0,1.0,0.0,1.0,1.0,345.0,155684.0,17822.0,20200310,20210519,6,13,6,28,0,1
869.0,1.0,0.0,0.0,0.0,536.0,8943.0,17779.0,20181222,20210411,7,15,7,53,11,1
6977.0,1.0,0.0,1.0,1.0,277.0,40569.0,17767.0,20180615,20210520,5,13,7,127,3,1
673.0,1.0,0.0,1.0,0.0,86.0,23121.0,17764.0,20190518,20210514,10,24,13,42,9,1
1871.0,1.0,1.0,1.0,1.0,577.0,103610.0,17743.0,20161025,20210520,9,18,8,36,11,1
2328.0,1.0,0.0,1.0,0.0,278.0,510.0,17743.0,20120105,20210510,5,15,9,126,0,1
1780.0,1.0,1.0,0.0,1.0,13.0,3249.0,17732.0,20141201,20210428,10,21,10,33,11,1
5211.0,1.0,1.0,1.0,0.0,502.0,139227.0,17708.0,20140613,20210520,9,16,6,38,3,1
3821.0,1.0,0.0,0.0,0.0,175.0,16896.0,17701.0,20120717,20210503,9,18,8,89,3,1
2399.0,1.0,0.0,1.0,1.0,3914.0,5145.0,17694.0,20190417,20210519,12,20,7,164,1,1
1812.0,1.0,0.0,1.0,1.0,200.0,15414.0,17630.0,20150630,20210520,10,18,7,52,1,1
904.0,1.0,0.0,0.0,0.0,17.0,74598.0,17621.0,20190224,20210515,13,21,7,11,8,1
3252.0,1.0,0.0,0.0,0.0,23.0,14824.0,17609.0,20181101,20210401,25,34,8,112,0,1
1642.0,1.0,0.0,1.0,1.0,137.0,4827.0,17601.0,20101006,20210514,12,24,11,17,1,1
2846.0,1.0,0.0,1.0,1.0,45.0,13806.0,17599.0,20150518,20210520,26,53,26,45,1,1
3844.0,1.0,0.0,0.0,0.0,430.0,272473.0,17598.0,20181004,20210520,15,31,15,15,0,1
2006.0,1.0,0.0,0.0,0.0,122.0,84266.0,17593.0,20091224,20210520,7,25,17,31,6,0
3333.0,0.0,0.0,0.0,1.0,0.0,1300193.0,17567.0,20140924,20210516,2,5,2,44,7,0
7456.0,1.0,0.0,1.0,1.0,45.0,647004.0,17564.0,20161005,20210517,17,37,19,303,0,1
2132.0,1.0,1.0,1.0,1.0,5.0,361495.0,17547.0,20160311,20210516,4,12,7,49,0,1
1952.0,1.0,0.0,1.0,1.0,4.0,663.0,17547.0,20150319,20201004,9,19,9,65,1,1
1107.0,1.0,0.0,1.0,1.0,110.0,2372.0,17547.0,20180125,20210419,11,19,7,88,8,1
1951.0,1.0,0.0,1.0,1.0,143.0,1620.0,17534.0,20170525,20210518,14,21,6,39,1,1
4246.0,1.0,1.0,1.0,1.0,160.0,21294.0,17515.0,20161120,20210520,7,17,9,41,1,1
1728.0,1.0,1.0,1.0,1.0,86.0,2846.0,17510.0,20140605,20210514,7,15,7,37,12,1
1355.0,1.0,0.0,1.0,1.0,8.0,7067.0,17502.0,20150829,20210515,11,27,15,53,0,1
1442.0,1.0,1.0,1.0,1.0,45.0,4690.0,17480.0,20180924,20210516,7,21,13,42,0,1
2626.0,1.0,0.0,0.0,0.0,89.0,520.0,17475.0,20201230,20210116,9,19,9,35,0,1
3856.0,1.0,1.0,0.0,0.0,842.0,31998.0,17440.0,20160215,20201113,3,12,8,40,0,1
2828.0,1.0,0.0,1.0,1.0,169.0,16221.0,17427.0,20131130,20210520,5,11,5,31,0,0
8832.0,1.0,1.0,1.0,1.0,26.0,132525.0,17401.0,20170419,20210520,4,11,6,45,11,1
1571.0,1.0,0.0,1.0,1.0,486.0,20478.0,17379.0,20160306,20210512,9,17,7,59,1,0
6798.0,0.0,0.0,0.0,0.0,62.0,127872.0,17365.0,20101122,20210520,7,17,9,25,3,1
1189.0,1.0,0.0,1.0,0.0,21.0,8975.0,17357.0,20160329,20210512,11,20,8,72,1,1
1078.0,1.0,0.0,1.0,1.0,77.0,1748.0,17350.0,20130813,20210503,6,14,7,51,9,1
3167.0,1.0,0.0,1.0,1.0,106.0,50656.0,17341.0,20160602,20210516,10,18,7,175,7,1
2513.0,1.0,0.0,1.0,1.0,100.0,55066.0,17319.0,20180814,20210516,11,16,4,22,3,1
3997.0,1.0,0.0,1.0,1.0,497.0,31924.0,17303.0,20090424,20210520,6,13,6,43,2,0
1021.0,1.0,1.0,1.0,1.0,174.0,47243.0,17301.0,20191208,20210511,6,18,11,55,11,1
435.0,1.0,0.0,0.0,0.0,57.0,1022.0,17293.0,20170509,20210517,2,10,7,54,16,0
1519.0,1.0,0.0,1.0,0.0,389.0,2598.0,17284.0,20101229,20210506,7,17,9,35,1,1
3193.0,1.0,0.0,0.0,0.0,2166.0,47314.0,17281.0,20090929,20200807,3,7,3,56,0,1
1528.0,1.0,1.0,1.0,1.0,53.0,153174.0,17279.0,20120809,20210513,15,27,11,65,0,1
2607.0,1.0,0.0,0.0,1.0,626.0,38012.0,17275.0,20140121,20210518,5,11,5,234,1,1
1036.0,1.0,0.0,0.0,1.0,76.0,549.0,17274.0,20131026,20210520,19,29,9,33,8,1
3972.0,1.0,1.0,1.0,1.0,16.0,1681.0,17229.0,20181222,20210511,12,27,14,70,0,0
5542.0,1.0,0.0,1.0,1.0,2275.0,93482.0,17193.0,20100913,20210520,5,11,5,61,2,1
589.0,1.0,0.0,0.0,0.0,100.0,2344.0,17168.0,20191028,20210520,3,10,6,44,11,1
5329.0,1.0,1.0,1.0,1.0,17.0,921.0,17136.0,20150102,20210418,21,42,20,76,0,1
3946.0,1.0,0.0,1.0,1.0,309.0,36253.0,17115.0,20120601,20210520,5,14,8,58,7,1
1336.0,1.0,0.0,1.0,1.0,21.0,208.0,17113.0,20190908,20210509,17,26,8,50,0,0
2023.0,1.0,0.0,0.0,0.0,44.0,434.0,17095.0,20160712,20210511,14,24,9,29,0,0
1378.0,1.0,0.0,1.0,0.0,64.0,9571.0,17089.0,20120916,20210430,3,11,7,48,1,0
3634.0,1.0,1.0,1.0,1.0,9.0,3633.0,17088.0,20140720,20210508,4,13,8,53,1,0
784.0,1.0,0.0,1.0,1.0,148.0,4603.0,17047.0,20140613,20210516,9,19,9,34,0,1
2452.0,1.0,0.0,1.0,1.0,42.0,10896.0,17045.0,20180319,20200503,26,39,12,172,0,1
2387.0,1.0,1.0,1.0,0.0,22.0,591844.0,17033.0,20181221,20210520,16,22,5,139,2,0
6722.0,1.0,0.0,1.0,1.0,17.0,98064.0,17020.0,20190218,20210410,6,16,9,7,0,1
5960.0,0.0,0.0,1.0,0.0,462.0,294941.0,17014.0,20131025,20210511,8,14,5,27,7,1
4408.0,1.0,0.0,0.0,1.0,837.0,935976.0,17007.0,20151126,20200908,4,14,9,72,7,0
1603.0,1.0,0.0,1.0,1.0,40.0,8139.0,17006.0,20140409,20201024,8,22,13,33,1,1
1675.0,1.0,1.0,0.0,1.0,196.0,59839.0,16969.0,20160618,20210507,3,9,5,72,1,1
2942.0,1.0,0.0,0.0,1.0,629.0,476331.0,16945.0,20100102,20210520,4,13,8,57,7,0
2987.0,1.0,1.0,1.0,1.0,129.0,9059.0,16936.0,20181104,20210408,3,12,8,241,9,1
3080.0,1.0,0.0,1.0,1.0,1220.0,91023.0,16912.0,20160808,20210520,5,16,10,55,7,1
1416.0,1.0,0.0,1.0,1.0,446.0,68294.0,16896.0,20120510,20210520,10,21,10,37,8,0
3664.0,1.0,1.0,0.0,0.0,142.0,171732.0,16860.0,20160713,20210520,11,20,8,139,11,1
4950.0,1.0,0.0,0.0,0.0,76.0,159344.0,16856.0,20151107,20210520,10,17,6,46,3,1
947.0,1.0,0.0,0.0,0.0,605.0,195719.0,16853.0,20160925,20210510,7,14,6,79,13,1
3135.0,1.0,0.0,0.0,0.0,49.0,46057.0,16850.0,20120721,20210520,10,17,6,45,7,1
2279.0,1.0,0.0,1.0,1.0,714.0,48536.0,16848.0,20130718,20210518,5,11,5,93,14,1
3895.0,1.0,0.0,1.0,1.0,126.0,331.0,16845.0,20110715,20210506,12,20,7,42,1,0
844.0,1.0,0.0,1.0,1.0,484.0,12164.0,16835.0,20160311,20210520,5,14,8,49,9,0
4843.0,1.0,0.0,1.0,1.0,7.0,3973591.0,16826.0,20190405,20210416,15,25,9,103,14,1
344.0,1.0,0.0,1.0,0.0,61.0,51585.0,16824.0,20190713,20210520,5,16,10,80,16,0
712.0,1.0,0.0,0.0,0.0,273.0,18550.0,16815.0,20190402,20210520,8,17,8,81,16,1
2743.0,1.0,0.0,1.0,1.0,488.0,2040.0,16808.0,20120608,20210516,12,23,10,60,0,1
6281.0,1.0,0.0,1.0,1.0,440.0,27128.0,16808.0,20111127,20210505,30,39,8,84,3,1
1389.0,1.0,0.0,1.0,1.0,770.0,557901.0,16803.0,20180531,20210520,3,10,6,22,9,1
7900.0,1.0,1.0,1.0,1.0,3.0,8892.0,16797.0,20140704,20180722,5,16,10,44,0,1
1464.0,1.0,1.0,1.0,1.0,5.0,799.0,16792.0,20160113,20210516,11,19,7,43,0,1
2129.0,1.0,0.0,1.0,1.0,718.0,13772.0,16786.0,20150112,20210302,7,20,12,76,1,0
2084.0,1.0,0.0,1.0,0.0,90.0,873.0,16778.0,20110226,20191220,11,19,7,23,1,1
1583.0,1.0,1.0,0.0,1.0,6.0,77.0,16755.0,20190904,20210428,13,20,6,44,0,0
2867.0,1.0,0.0,1.0,1.0,446.0,538108.0,16741.0,20161113,20210520,5,11,5,26,5,1
1642.0,1.0,1.0,1.0,1.0,2.0,1193.0,16731.0,20170921,20210520,29,33,3,44,0,1
899.0,1.0,0.0,1.0,1.0,33.0,140493.0,16729.0,20140626,20210509,4,9,4,40,0,1
2195.0,1.0,0.0,0.0,0.0,44.0,14371.0,16711.0,20140120,20210520,7,24,16,42,0,1
1740.0,1.0,0.0,1.0,1.0,91.0,49328.0,16704.0,20160504,20210520,14,21,6,20,0,1
3570.0,1.0,0.0,1.0,0.0,278.0,50856.0,16702.0,20140701,20210512,8,16,7,29,1,1
5395.0,1.0,0.0,1.0,1.0,103.0,5373.0,16693.0,20160824,20210201,22,33,10,162,0,1
2989.0,1.0,0.0,1.0,1.0,2106.0,763554.0,16686.0,20140612,20210520,5,16,10,60,3,1
2106.0,1.0,0.0,1.0,1.0,4144.0,108856.0,16686.0,20141107,20210520,7,15,7,38,9,1
1320.0,1.0,1.0,0.0,1.0,130.0,18691.0,16673.0,20161226,20210519,8,17,8,76,0,1
8769.0,1.0,1.0,1.0,1.0,37.0,5571.0,16670.0,20110823,20210517,9,19,9,41,6,1
2335.0,1.0,0.0,1.0,1.0,74.0,1090.0,16657.0,20180610,20210519,5,15,9,26,9,1
3434.0,1.0,0.0,0.0,0.0,307.0,36957.0,16632.0,20160505,20210419,7,15,7,59,2,1
5131.0,1.0,1.0,1.0,1.0,1.0,8183.0,16614.0,20181120,20210301,7,17,9,15,0,1
1521.0,1.0,1.0,0.0,0.0,161.0,3447.0,16606.0,20160518,20210506,9,15,5,48,1,1
1667.0,1.0,0.0,1.0,1.0,33.0,2286.0,16604.0,20151013,20210520,11,24,12,58,1,1
2412.0,1.0,1.0,1.0,1.0,285.0,5409.0,16595.0,20130426,20201205,4,12,7,27,1,1
3468.0,1.0,0.0,0.0,0.0,155.0,16055.0,16590.0,20100220,20210429,7,12,4,38,1,1
1832.0,1.0,1.0,1.0,1.0,237.0,1416.0,16581.0,20150709,20210510,3,14,10,25,1,1
3746.0,1.0,1.0,1.0,1.0,147.0,72611.0,16576.0,20150302,20210520,6,15,8,63,3,1
2269.0,1.0,0.0,0.0,0.0,73.0,1077.0,16571.0,20150915,20210519,9,19,9,72,16,1
4647.0,1.0,1.0,1.0,1.0,14.0,1764.0,16566.0,20121017,20190627,3,15,11,35,1,1
507.0,1.0,0.0,1.0,1.0,51.0,11053.0,16494.0,20190710,20210430,13,23,9,147,2,1
4015.0,1.0,0.0,0.0,1.0,211.0,18062.0,16481.0,20140111,20210519,8,17,8,326,3,1
1725.0,1.0,0.0,1.0,1.0,84.0,9261.0,16467.0,20190926,20210506,8,15,6,61,2,1
1261.0,1.0,0.0,1.0,1.0,1307.0,48755.0,16467.0,20121127,20210520,7,20,12,32,0,1
4266.0,1.0,0.0,1.0,0.0,97.0,4909.0,16457.0,20190905,20210519,10,27,16,116,2,1
3761.0,1.0,0.0,1.0,1.0,4.0,117.0,16457.0,20150410,20200727,18,32,13,44,0,1
2666.0,1.0,0.0,0.0,1.0,68.0,42813.0,16447.0,20181018,20210513,21,29,7,34,0,1
641.0,1.0,0.0,0.0,0.0,3.0,813.0,16443.0,20130803,20210520,5,11,5,36,1,1
2322.0,1.0,0.0,0.0,0.0,200.0,2579.0,16427.0,20100729,20210418,5,13,7,65,1,1
2525.0,1.0,0.0,1.0,1.0,219.0,184212.0,16405.0,20190425,20210519,22,32,9,45,4,1
1047.0,1.0,0.0,1.0,1.0,776.0,70370.0,16362.0,20160423,20210520,8,13,4,73,1,1
4585.0,1.0,0.0,1.0,1.0,7.0,44912.0,16360.0,20180805,20210330,19,30,10,22,0,1
1245.0,1.0,0.0,1.0,1.0,172.0,8601.0,16359.0,20150807,20210420,8,17,8,47,11,1
3277.0,1.0,0.0,1.0,1.0,1826.0,399988.0,16344.0,20160602,20210520,10,21,10,49,7,1
1270.0,1.0,0.0,1.0,1.0,1373.0,2087.0,16335.0,20181013,20210514,6,13,6,13,0,1
14048.0,1.0,0.0,1.0,1.0,544.0,258872.0,16330.0,20170906,20210520,4,17,12,21,0,1
3574.0,1.0,1.0,1.0,0.0,299.0,3420.0,16329.0,20160517,20210509,7,15,7,29,0,1
2985.0,1.0,0.0,1.0,1.0,27.0,256.0,16325.0,20160227,20210411,18,23,4,72,0,1
1946.0,1.0,1.0,1.0,0.0,66.0,6376.0,16320.0,20161103,20210520,3,11,7,77,11,1
1955.0,1.0,1.0,0.0,1.0,8.0,10978.0,16309.0,20111109,20210504,2,13,10,89,1,1
931.0,1.0,0.0,0.0,0.0,4.0,243.0,16282.0,20150713,20210215,11,19,7,26,1,1
3261.0,1.0,1.0,0.0,0.0,505.0,2151.0,16276.0,20130219,20201216,12,20,7,62,1,1
4455.0,1.0,0.0,1.0,0.0,54.0,52112.0,16274.0,20130811,20210503,11,23,11,63,2,0
3039.0,0.0,1.0,1.0,1.0,50.0,23807.0,16264.0,20190809,20210203,9,27,17,64,0,1
2788.0,1.0,1.0,1.0,1.0,349.0,57459.0,16261.0,20180402,20210520,6,13,6,23,1,1
9003.0,0.0,0.0,0.0,0.0,553.0,384887.0,16251.0,20140607,20210520,5,12,6,12,3,1
5564.0,1.0,0.0,1.0,1.0,355.0,7205.0,16238.0,20180404,20210518,8,16,7,121,3,1
2524.0,1.0,1.0,1.0,1.0,158.0,14180.0,16226.0,20140519,20210520,11,18,6,51,7,1
435.0,1.0,0.0,1.0,0.0,55.0,1423.0,16222.0,20170612,20210517,3,16,12,41,11,1
1832.0,1.0,0.0,1.0,1.0,49.0,683.0,16204.0,20160530,20210516,7,23,15,82,0,1
7554.0,1.0,0.0,1.0,1.0,314.0,40116.0,16202.0,20160824,20210511,8,16,7,78,2,1
4842.0,1.0,0.0,1.0,1.0,93.0,2071.0,16197.0,20141005,20201104,12,21,8,40,1,1
917.0,1.0,0.0,0.0,1.0,72.0,3825.0,16196.0,20130801,20210426,4,13,8,39,0,1
1643.0,1.0,0.0,1.0,1.0,114.0,25909.0,16195.0,20140520,20210520,5,14,8,52,9,1
3582.0,1.0,0.0,1.0,1.0,18.0,352121.0,16183.0,20161113,20210520,14,21,6,250,3,1
3273.0,1.0,0.0,1.0,1.0,125.0,99934.0,16181.0,20140223,20210519,10,23,12,60,1,1
621.0,1.0,0.0,1.0,1.0,29.0,21295.0,16172.0,20180501,20210520,8,17,8,94,0,1
830.0,1.0,0.0,1.0,1.0,0.0,24573.0,16156.0,20160930,20210510,20,26,5,95,0,0
1173.0,1.0,0.0,0.0,0.0,207.0,2395.0,16145.0,20120822,20210418,4,8,3,40,1,1
2129.0,1.0,0.0,1.0,1.0,25.0,5163.0,16145.0,20110217,20210519,6,15,8,49,2,1
2083.0,1.0,0.0,1.0,0.0,484.0,56624.0,16132.0,20160226,20210520,13,27,13,108,11,1
633.0,1.0,0.0,0.0,0.0,43.0,4431.0,16125.0,20191128,20210518,6,15,8,77,1,1
6566.0,1.0,0.0,1.0,1.0,8259.0,3051717.0,16082.0,20130126,20210520,6,14,7,34,11,0
1734.0,1.0,0.0,1.0,1.0,35.0,15786.0,16076.0,20180616,20201015,23,34,10,37,1,0
1167.0,1.0,0.0,1.0,0.0,78.0,615476.0,16075.0,20150825,20210520,6,16,9,42,9,0
5066.0,1.0,0.0,0.0,1.0,509.0,191194.0,16073.0,20131216,20210520,10,16,5,125,1,1
2139.0,1.0,0.0,0.0,0.0,427.0,54784.0,16061.0,20131008,20210520,6,13,6,253,0,1
4001.0,1.0,0.0,0.0,0.0,7.0,386.0,16060.0,20150328,20210228,34,44,9,58,1,1
692.0,1.0,1.0,1.0,0.0,154.0,42995.0,16056.0,20150914,20210520,6,18,11,50,11,1
1647.0,1.0,1.0,1.0,1.0,179.0,2488.0,16049.0,20140920,20210511,11,23,11,75,9,1
1734.0,1.0,1.0,0.0,0.0,25.0,7716.0,16005.0,20150113,20210517,8,13,4,59,9,1
3245.0,1.0,0.0,1.0,0.0,93.0,33949.0,15998.0,20151030,20201228,5,17,11,116,0,1
2015.0,1.0,0.0,1.0,0.0,103.0,3422.0,15984.0,20100731,20210519,13,29,15,3,1,1
2626.0,1.0,0.0,1.0,1.0,1582.0,117768.0,15977.0,20161025,20210520,3,15,11,224,2,1
825.0,0.0,0.0,0.0,0.0,33.0,386.0,15973.0,20170309,20210106,14,26,11,87,1,1
7442.0,1.0,0.0,1.0,1.0,64.0,41263.0,15953.0,20161004,20210512,5,14,8,156,3,1
3595.0,1.0,1.0,1.0,1.0,30.0,253569.0,15931.0,20161112,20210520,13,24,10,57,14,1
4191.0,1.0,0.0,1.0,1.0,175.0,62188.0,15929.0,20140704,20210520,10,21,10,42,2,1
1281.0,1.0,0.0,0.0,1.0,243.0,15239.0,15928.0,20140918,20191205,4,11,6,40,0,1
529.0,1.0,0.0,0.0,0.0,9.0,8546.0,15899.0,20131207,20210516,18,31,12,48,0,1
6366.0,1.0,0.0,1.0,1.0,28.0,24681.0,15881.0,20180322,20210519,8,19,10,65,3,1
2405.0,1.0,1.0,1.0,1.0,331.0,96132.0,15869.0,20190402,20210520,4,9,4,123,16,1
3797.0,1.0,0.0,0.0,0.0,95.0,2020.0,15868.0,20110827,20210313,5,13,7,39,1,1
2442.0,1.0,0.0,0.0,0.0,252.0,875.0,15862.0,20180625,20191010,6,16,9,67,0,0
2004.0,1.0,1.0,1.0,1.0,61.0,29315.0,15861.0,20091218,20210518,12,22,9,18,0,1
386.0,1.0,0.0,0.0,0.0,2.0,2188.0,15858.0,20160908,20210514,17,27,9,35,0,1
3511.0,1.0,0.0,1.0,1.0,63.0,1253.0,15858.0,20090531,20201125,13,17,3,30,4,1
4499.0,1.0,0.0,1.0,1.0,0.0,1408.0,15841.0,20140705,20210517,19,28,8,85,0,1
55382.0,1.0,0.0,1.0,1.0,141.0,25194.0,15828.0,20180212,20210518,26,39,12,59,0,1
1649.0,1.0,1.0,1.0,1.0,251.0,445860.0,15823.0,20141019,20210520,9,19,9,23,11,1
714.0,1.0,0.0,1.0,1.0,176.0,3936.0,15814.0,20171216,20210519,3,12,8,50,16,0
1378.0,1.0,0.0,1.0,1.0,373.0,31742.0,15812.0,20100119,20210515,5,11,5,74,1,1
1377.0,1.0,0.0,0.0,0.0,76.0,5758.0,15808.0,20130713,20210429,3,10,6,68,9,1
3163.0,1.0,0.0,1.0,1.0,389.0,6495.0,15801.0,20160906,20210518,6,14,7,118,3,0
1956.0,1.0,0.0,0.0,1.0,82.0,830.0,15791.0,20101230,20201231,6,13,6,46,1,1
4320.0,1.0,0.0,1.0,1.0,25.0,6292.0,15788.0,20170103,20210520,3,15,11,60,1,0
2879.0,0.0,0.0,1.0,1.0,304.0,40093.0,15747.0,20080618,20171017,6,21,14,31,2,0
4782.0,1.0,0.0,1.0,1.0,611.0,61421.0,15704.0,20170915,20200721,11,17,5,55,0,1
4014.0,1.0,0.0,1.0,0.0,383.0,15132.0,15704.0,20141118,20210518,4,11,6,29,8,0
4317.0,1.0,0.0,0.0,0.0,0.0,4885.0,15702.0,20160107,20210511,15,22,6,82,8,0
6893.0,1.0,0.0,1.0,1.0,1555.0,235417.0,15699.0,20130115,20210520,7,15,7,26,0,1
1585.0,1.0,1.0,1.0,1.0,328.0,529556.0,15688.0,20150810,20210520,5,14,8,76,1,1
491.0,1.0,0.0,1.0,0.0,102.0,96990.0,15682.0,20200220,20210520,5,10,4,110,11,1
1271.0,1.0,1.0,1.0,1.0,153.0,3229.0,15679.0,20110413,20210507,10,22,11,46,1,1
3248.0,1.0,0.0,1.0,1.0,32.0,5495.0,15678.0,20120212,20210510,8,17,8,104,1,0
6405.0,1.0,1.0,1.0,1.0,0.0,1920.0,15667.0,20150323,20210508,11,18,6,40,1,1
1371.0,1.0,0.0,1.0,1.0,471.0,844.0,15654.0,20140402,20210517,5,11,5,27,9,1
1787.0,1.0,0.0,1.0,1.0,20.0,345.0,15633.0,20170708,20201224,22,31,8,104,0,1
1465.0,1.0,0.0,0.0,0.0,57.0,1224.0,15625.0,20131027,20210517,13,21,7,36,0,1
3391.0,1.0,1.0,1.0,1.0,59.0,2356.0,15623.0,20110912,20210508,16,24,7,42,0,1
3076.0,1.0,0.0,1.0,1.0,41.0,2493.0,15622.0,20160624,20210517,3,9,5,88,1,1
3835.0,1.0,0.0,1.0,1.0,80.0,13272.0,15621.0,20141201,20200402,15,23,7,24,0,1
10604.0,1.0,1.0,1.0,1.0,169.0,111745.0,15621.0,20130214,20210519,9,17,7,37,3,0
5439.0,1.0,0.0,1.0,0.0,242.0,5029.0,15601.0,20140525,20210518,3,12,8,49,0,0
5748.0,1.0,0.0,1.0,1.0,130.0,775.0,15597.0,20120614,20210511,28,36,7,45,0,1
1398.0,1.0,0.0,1.0,1.0,0.0,4657.0,15595.0,20151107,20210505,24,32,7,53,2,1
18642.0,0.0,0.0,1.0,1.0,13.0,46891.0,15593.0,20161207,20210513,12,19,6,27,14,1
3139.0,1.0,0.0,1.0,1.0,2.0,21707.0,15589.0,20181002,20201221,17,27,9,61,2,1
711.0,1.0,1.0,0.0,0.0,17.0,38004.0,15587.0,20161202,20210520,4,11,6,49,11,1
4069.0,1.0,0.0,1.0,1.0,18.0,107.0,15577.0,20160930,20210406,14,21,6,4,0,1
3366.0,1.0,0.0,0.0,1.0,832.0,161155.0,15571.0,20140502,20210519,8,24,15,30,7,0
1594.0,1.0,1.0,1.0,0.0,19.0,4347.0,15569.0,20160806,20210506,22,37,14,87,2,1
491.0,1.0,1.0,1.0,1.0,17.0,6086.0,15541.0,20161213,20210518,5,17,11,54,11,1
1879.0,1.0,0.0,1.0,1.0,864.0,5642.0,15535.0,20090920,20210517,6,12,5,21,1,1
2067.0,1.0,1.0,0.0,0.0,389.0,85189.0,15508.0,20161205,20210520,23,43,19,66,11,1
3212.0,1.0,0.0,1.0,1.0,13.0,186.0,15493.0,20170312,20200529,21,28,6,49,1,1
5697.0,1.0,0.0,1.0,0.0,22.0,7500.0,15474.0,20181214,20210508,7,14,6,126,3,1
2425.0,1.0,0.0,1.0,1.0,146.0,77463.0,15471.0,20130226,20210520,5,16,10,229,1,1
882.0,1.0,1.0,1.0,1.0,34.0,7578.0,15468.0,20160705,20201017,24,38,13,55,0,0
1170.0,1.0,0.0,1.0,0.0,379.0,15799.0,15466.0,20151128,20210520,9,20,10,44,11,1
911.0,1.0,1.0,1.0,1.0,22.0,1065.0,15457.0,20130214,20210412,10,20,9,97,9,1
7535.0,1.0,0.0,1.0,1.0,45.0,582.0,15448.0,20170408,20210412,19,26,6,24,3,1
3209.0,1.0,0.0,1.0,1.0,282.0,350299.0,15444.0,20161212,20210514,4,12,7,64,7,0
3630.0,1.0,1.0,1.0,1.0,0.0,90064.0,15440.0,20140614,20210520,10,17,6,40,12,1
1083.0,1.0,0.0,1.0,1.0,6.0,1339.0,15423.0,20180407,20210520,22,33,10,61,1,1
3740.0,1.0,1.0,1.0,1.0,2555.0,233417.0,15393.0,20160815,20210520,6,19,12,125,2,1
716.0,1.0,0.0,1.0,1.0,114.0,905.0,15389.0,20140402,20210520,5,14,8,85,1,0
4842.0,1.0,0.0,1.0,1.0,143.0,113367.0,15386.0,20121205,20210318,3,12,8,151,3,1
1909.0,1.0,0.0,0.0,0.0,438.0,25924.0,15375.0,20131010,20210501,8,19,10,83,11,1
2416.0,1.0,1.0,1.0,1.0,314.0,3459.0,15364.0,20130728,20210409,7,25,17,96,0,0
1158.0,1.0,0.0,1.0,0.0,123.0,6484.0,15354.0,20150816,20210520,5,11,5,40,9,1
1869.0,1.0,0.0,1.0,1.0,21.0,34927.0,15352.0,20170301,20210517,7,14,6,89,0,1
1309.0,1.0,0.0,0.0,1.0,8.0,1889.0,15333.0,20080310,20210510,8,18,9,31,0,1
744.0,1.0,0.0,1.0,1.0,38.0,2258.0,15321.0,20130224,20210508,4,14,9,31,2,1
2166.0,1.0,1.0,0.0,0.0,42.0,1479.0,15305.0,20091121,20200114,7,16,8,41,14,1
1954.0,1.0,1.0,0.0,0.0,283.0,1382.0,15279.0,20130912,20210324,4,15,10,46,0,1
1042.0,1.0,0.0,1.0,0.0,216.0,18700.0,15267.0,20171019,20210520,11,31,19,50,16,1
2143.0,1.0,1.0,1.0,1.0,2.0,327279.0,15264.0,20170217,20210506,5,19,13,58,14,1
1149.0,1.0,0.0,1.0,0.0,774.0,200491.0,15255.0,20160114,20210520,5,12,6,46,3,0
1227.0,1.0,0.0,1.0,1.0,1.0,1748.0,15248.0,20140529,20210410,15,24,8,37,0,0
3345.0,1.0,0.0,1.0,0.0,22.0,241957.0,15235.0,20170128,20210520,7,15,7,211,0,1
2122.0,1.0,1.0,1.0,1.0,61.0,3760.0,15227.0,20130801,20200713,8,19,10,64,1,0
1169.0,1.0,1.0,0.0,0.0,9.0,12336.0,15214.0,20120908,20210520,6,19,12,40,6,1
243.0,1.0,0.0,0.0,0.0,12.0,106.0,15195.0,20210505,20210520,2,9,6,33,1,1
